ID,deploy ML platform
43, TensorFlow Extended (TFX) 
48, TensorFlow Extended (TFX) 
57, TensorFlow Extended (TFX) 
110, TensorFlow Extended (TFX) 
203, TensorFlow Extended (TFX) 
237, TensorFlow Extended (TFX) 
350, TensorFlow Extended (TFX) 
378, TensorFlow Extended (TFX) 
389, TensorFlow Extended (TFX) 
402, TensorFlow Extended (TFX) 
415, TensorFlow Extended (TFX) 
425, TensorFlow Extended (TFX) 
447, TensorFlow Extended (TFX) 
448, TensorFlow Extended (TFX) 
449, TensorFlow Extended (TFX) 
450, TensorFlow Extended (TFX) 
483, TensorFlow Extended (TFX) 
557, TensorFlow Extended (TFX) 
621, TensorFlow Extended (TFX) 
633, TensorFlow Extended (TFX) 
634, TensorFlow Extended (TFX) 
643, TensorFlow Extended (TFX) 
644, TensorFlow Extended (TFX) 
652, TensorFlow Extended (TFX) 
693, TensorFlow Extended (TFX) 
711, TensorFlow Extended (TFX) 
733, TensorFlow Extended (TFX) 
753, TensorFlow Extended (TFX) 
787, TensorFlow Extended (TFX) 
806, TensorFlow Extended (TFX) 
867, TensorFlow Extended (TFX) 
886, TensorFlow Extended (TFX) 
893, TensorFlow Extended (TFX) 
952, TensorFlow Extended (TFX) 
1016, TensorFlow Extended (TFX) 
1060, TensorFlow Extended (TFX) 
1093, TensorFlow Extended (TFX) 
1141, TensorFlow Extended (TFX) 
1189, TensorFlow Extended (TFX) 
1227, TensorFlow Extended (TFX) 
1354, TensorFlow Extended (TFX) 
1469, TensorFlow Extended (TFX) 
1470, TensorFlow Extended (TFX) 
1573, TensorFlow Extended (TFX) 
1621, TensorFlow Extended (TFX) 
1639, TensorFlow Extended (TFX) 
1641, TensorFlow Extended (TFX) 
1654, TensorFlow Extended (TFX) 
1670, TensorFlow Extended (TFX) 
1725, TensorFlow Extended (TFX) 
1772, TensorFlow Extended (TFX) 
1810, TensorFlow Extended (TFX) 
1824, TensorFlow Extended (TFX) 
1848, TensorFlow Extended (TFX) 
1862, TensorFlow Extended (TFX) 
1890, TensorFlow Extended (TFX) 
1921, TensorFlow Extended (TFX) 
1923, TensorFlow Extended (TFX) 
1971, TensorFlow Extended (TFX) 
1989, TensorFlow Extended (TFX) 
1991, TensorFlow Extended (TFX) 
2096, TensorFlow Extended (TFX) 
2206, TensorFlow Extended (TFX) 
2218, TensorFlow Extended (TFX) 
2249, TensorFlow Extended (TFX) 
2371, TensorFlow Extended (TFX) 
2524, TensorFlow Extended (TFX) 
2549, TensorFlow Extended (TFX) 
2574, TensorFlow Extended (TFX) 
2619, TensorFlow Extended (TFX) 
2620, TensorFlow Extended (TFX) 
2650, TensorFlow Extended (TFX) 
2689, TensorFlow Extended (TFX) 
2705, TensorFlow Extended (TFX) 
2768, TensorFlow Extended (TFX) 
2818, TensorFlow Extended (TFX) 
2836, TensorFlow Extended (TFX) 
2997, TensorFlow Extended (TFX) 
3127, TensorFlow Extended (TFX) 
3168, TensorFlow Extended (TFX) 
3217, TensorFlow Extended (TFX) 
3235, TensorFlow Extended (TFX) 
3245, TensorFlow Extended (TFX) 
3256, TensorFlow Extended (TFX) 
3286, TensorFlow Extended (TFX) 
3299, TensorFlow Extended (TFX) 
3342, TensorFlow Extended (TFX) 
3375, TensorFlow Extended (TFX) 
3414, TensorFlow Extended (TFX) 
3569, TensorFlow Extended (TFX) 
3632, TensorFlow Extended (TFX) 
3642, TensorFlow Extended (TFX) 
3756, TensorFlow Extended (TFX) 
3779, TensorFlow Extended (TFX) 
3949, TensorFlow Extended (TFX) 
4046, TensorFlow Extended (TFX) 
4197, TensorFlow Extended (TFX) 
4325, TensorFlow Extended (TFX) 
4354, TensorFlow Extended (TFX) 
4360, TensorFlow Extended (TFX) 
4423, TensorFlow Extended (TFX) 
4431, TensorFlow Extended (TFX) 
4440, TensorFlow Extended (TFX) 
4466, TensorFlow Extended (TFX) 
4587, TensorFlow Extended (TFX) 
4590, TensorFlow Extended (TFX) 
4598, TensorFlow Extended (TFX) 
4606, TensorFlow Extended (TFX) 
4623, TensorFlow Extended (TFX) 
4734, TensorFlow Extended (TFX) 
4747, TensorFlow Extended (TFX) 
4766, TensorFlow Extended (TFX) 
4806, TensorFlow Extended (TFX) 
4912, TensorFlow Extended (TFX) 
4915, TensorFlow Extended (TFX) 
4951, TensorFlow Extended (TFX) 
5022, TensorFlow Extended (TFX) 
5055, TensorFlow Extended (TFX) 
5065, TensorFlow Extended (TFX) 
5179, TensorFlow Extended (TFX) 
5208, TensorFlow Extended (TFX) 
5212, TensorFlow Extended (TFX) 
5218, TensorFlow Extended (TFX) 
5260, TensorFlow Extended (TFX) 
5294, TensorFlow Extended (TFX) 
5324, TensorFlow Extended (TFX) 
5357, TensorFlow Extended (TFX) 
5485, TensorFlow Extended (TFX) 
5701, TensorFlow Extended (TFX) 
5707, TensorFlow Extended (TFX) 
5708, TensorFlow Extended (TFX) 
5731, TensorFlow Extended (TFX) 
5748, TensorFlow Extended (TFX) 
5749, TensorFlow Extended (TFX) 
5751, TensorFlow Extended (TFX) 
5782, TensorFlow Extended (TFX) 
5797, TensorFlow Extended (TFX) 
5853, TensorFlow Extended (TFX) 
5992, TensorFlow Extended (TFX) 
5997, TensorFlow Extended (TFX) 
6131, TensorFlow Extended (TFX) 
6179, TensorFlow Extended (TFX) 
6299, TensorFlow Extended (TFX) 
6306, TensorFlow Extended (TFX) 
6352, TensorFlow Extended (TFX) 
6377, TensorFlow Extended (TFX) 
6401, TensorFlow Extended (TFX) 
6447, TensorFlow Extended (TFX) 
6474, TensorFlow Extended (TFX) 
6554, TensorFlow Extended (TFX) 
6572, TensorFlow Extended (TFX) 
6588, TensorFlow Extended (TFX) 
6620, TensorFlow Extended (TFX) 
6642, TensorFlow Extended (TFX) 
6673, TensorFlow Extended (TFX) 
6693, TensorFlow Extended (TFX) 
6719, TensorFlow Extended (TFX) 
6892, TensorFlow Extended (TFX) 
6897, TensorFlow Extended (TFX) 
7009, TensorFlow Extended (TFX) 
7037, TensorFlow Extended (TFX) 
7058, TensorFlow Extended (TFX) 
7196, TensorFlow Extended (TFX) 
7230, TensorFlow Extended (TFX) 
7322, TensorFlow Extended (TFX) 
7483, TensorFlow Extended (TFX) 
7492, TensorFlow Extended (TFX) 
7580, TensorFlow Extended (TFX) 
7582, TensorFlow Extended (TFX) 
7613, TensorFlow Extended (TFX) 
7628, TensorFlow Extended (TFX) 
7706, TensorFlow Extended (TFX) 
7725, TensorFlow Extended (TFX) 
7770, TensorFlow Extended (TFX) 
7786, TensorFlow Extended (TFX) 
7808, TensorFlow Extended (TFX) 
7848, TensorFlow Extended (TFX) 
7951, TensorFlow Extended (TFX) 
7952, TensorFlow Extended (TFX) 
8013, TensorFlow Extended (TFX) 
8033, TensorFlow Extended (TFX) 
8041, TensorFlow Extended (TFX) 
8049, TensorFlow Extended (TFX) 
8059, TensorFlow Extended (TFX) 
8060, TensorFlow Extended (TFX) 
8091, TensorFlow Extended (TFX) 
8115, TensorFlow Extended (TFX) 
8141, TensorFlow Extended (TFX) 
8149, TensorFlow Extended (TFX) 
8158, TensorFlow Extended (TFX) 
8238, TensorFlow Extended (TFX) 
8272, TensorFlow Extended (TFX) 
8331, TensorFlow Extended (TFX) 
8453, TensorFlow Extended (TFX) 
8498, TensorFlow Extended (TFX) 
8568, TensorFlow Extended (TFX) 
8611, TensorFlow Extended (TFX) 
8633, TensorFlow Extended (TFX) 
8656, TensorFlow Extended (TFX) 
8687, TensorFlow Extended (TFX) 
8706, TensorFlow Extended (TFX) 
8724, TensorFlow Extended (TFX) 
8750, TensorFlow Extended (TFX) 
8769, TensorFlow Extended (TFX) 
8783, TensorFlow Extended (TFX) 
8786, TensorFlow Extended (TFX) 
8824, TensorFlow Extended (TFX) 
8844, TensorFlow Extended (TFX) 
8860, TensorFlow Extended (TFX) 
8896, TensorFlow Extended (TFX) 
8938, TensorFlow Extended (TFX) 
9038, TensorFlow Extended (TFX) 
9086, TensorFlow Extended (TFX) 
9147, TensorFlow Extended (TFX) 
9161, TensorFlow Extended (TFX) 
9163, TensorFlow Extended (TFX) 
9175, TensorFlow Extended (TFX) 
9245, TensorFlow Extended (TFX) 
9287, TensorFlow Extended (TFX) 
9301, TensorFlow Extended (TFX) 
9383, TensorFlow Extended (TFX) 
9401, TensorFlow Extended (TFX) 
9454, TensorFlow Extended (TFX) 
9531, TensorFlow Extended (TFX) 
9534, TensorFlow Extended (TFX) 
9545, TensorFlow Extended (TFX) 
9572, TensorFlow Extended (TFX) 
9614, TensorFlow Extended (TFX) 
9731, TensorFlow Extended (TFX) 
9750, TensorFlow Extended (TFX) 
9777, TensorFlow Extended (TFX) 
9824, TensorFlow Extended (TFX) 
9955, TensorFlow Extended (TFX) 
10016, TensorFlow Extended (TFX) 
10117, TensorFlow Extended (TFX) 
10150, TensorFlow Extended (TFX) 
10174, TensorFlow Extended (TFX) 
10176, TensorFlow Extended (TFX) 
10183, TensorFlow Extended (TFX) 
10209, TensorFlow Extended (TFX) 
10239, TensorFlow Extended (TFX) 
10257, TensorFlow Extended (TFX) 
10292, TensorFlow Extended (TFX) 
10427, TensorFlow Extended (TFX) 
10434, TensorFlow Extended (TFX) 
10441, TensorFlow Extended (TFX) 
10450, TensorFlow Extended (TFX) 
10496, TensorFlow Extended (TFX) 
10541, TensorFlow Extended (TFX) 
10555, TensorFlow Extended (TFX) 
10558, TensorFlow Extended (TFX) 
10631, TensorFlow Extended (TFX) 
10671, TensorFlow Extended (TFX) 
10732, TensorFlow Extended (TFX) 
10733, TensorFlow Extended (TFX) 
10791, TensorFlow Extended (TFX) 
10809, TensorFlow Extended (TFX) 
10828, TensorFlow Extended (TFX) 
10851, TensorFlow Extended (TFX) 
10869, TensorFlow Extended (TFX) 
10878, TensorFlow Extended (TFX) 
10905, TensorFlow Extended (TFX) 
10957, TensorFlow Extended (TFX) 
11027, TensorFlow Extended (TFX) 
11049, TensorFlow Extended (TFX) 
11055, TensorFlow Extended (TFX) 
11121, TensorFlow Extended (TFX) 
11162, TensorFlow Extended (TFX) 
11177, TensorFlow Extended (TFX) 
11386, TensorFlow Extended (TFX) 
11408, TensorFlow Extended (TFX) 
11438, TensorFlow Extended (TFX) 
11649, TensorFlow Extended (TFX) 
11678, TensorFlow Extended (TFX) 
11728, TensorFlow Extended (TFX) 
11751, TensorFlow Extended (TFX) 
11767, TensorFlow Extended (TFX) 
11804, TensorFlow Extended (TFX) 
11820, TensorFlow Extended (TFX) 
11906, TensorFlow Extended (TFX) 
11950, TensorFlow Extended (TFX) 
12132, TensorFlow Extended (TFX) 
12163, TensorFlow Extended (TFX) 
12176, TensorFlow Extended (TFX) 
12183, TensorFlow Extended (TFX) 
12285, TensorFlow Extended (TFX) 
12349, TensorFlow Extended (TFX) 
12366, TensorFlow Extended (TFX) 
12434, TensorFlow Extended (TFX) 
12473, TensorFlow Extended (TFX) 
12483, TensorFlow Extended (TFX) 
12518, TensorFlow Extended (TFX) 
12536, TensorFlow Extended (TFX) 
12611, TensorFlow Extended (TFX) 
12638, TensorFlow Extended (TFX) 
12675, TensorFlow Extended (TFX) 
12676, TensorFlow Extended (TFX) 
12768, TensorFlow Extended (TFX) 
12778, TensorFlow Extended (TFX) 
12803, TensorFlow Extended (TFX) 
12819, TensorFlow Extended (TFX) 
12895, TensorFlow Extended (TFX) 
12934, TensorFlow Extended (TFX) 
12947, TensorFlow Extended (TFX) 
12962, TensorFlow Extended (TFX) 
13053, TensorFlow Extended (TFX) 
13137, TensorFlow Extended (TFX) 
13195, TensorFlow Extended (TFX) 
13205, TensorFlow Extended (TFX) 
13208, TensorFlow Extended (TFX) 
13242, TensorFlow Extended (TFX) 
13280, TensorFlow Extended (TFX) 
13283, TensorFlow Extended (TFX) 
13311, TensorFlow Extended (TFX) 
13395, TensorFlow Extended (TFX) 
13415, TensorFlow Extended (TFX) 
13475, TensorFlow Extended (TFX) 
13532, TensorFlow Extended (TFX) 
13590, TensorFlow Extended (TFX) 
13704, TensorFlow Extended (TFX) 
13715, TensorFlow Extended (TFX) 
13811, TensorFlow Extended (TFX) 
13831, TensorFlow Extended (TFX) 
13868, TensorFlow Extended (TFX) 
13888, TensorFlow Extended (TFX) 
13935, TensorFlow Extended (TFX) 
13958, TensorFlow Extended (TFX) 
13974, TensorFlow Extended (TFX) 
14014, TensorFlow Extended (TFX) 
14034, TensorFlow Extended (TFX) 
14139, TensorFlow Extended (TFX) 
14143, TensorFlow Extended (TFX) 
14174, TensorFlow Extended (TFX) 
14200, TensorFlow Extended (TFX) 
14211, TensorFlow Extended (TFX) 
14268, TensorFlow Extended (TFX) 
14378, TensorFlow Extended (TFX) 
14548, TensorFlow Extended (TFX) 
14551, TensorFlow Extended (TFX) 
14574, TensorFlow Extended (TFX) 
14578, TensorFlow Extended (TFX) 
14700, TensorFlow Extended (TFX) 
14765, TensorFlow Extended (TFX) 
14788, TensorFlow Extended (TFX) 
14879, TensorFlow Extended (TFX) 
14956, TensorFlow Extended (TFX) 
14960, TensorFlow Extended (TFX) 
14965, TensorFlow Extended (TFX) 
14971, TensorFlow Extended (TFX) 
14982, TensorFlow Extended (TFX) 
15040, TensorFlow Extended (TFX) 
15128, TensorFlow Extended (TFX) 
15223, TensorFlow Extended (TFX) 
15225, TensorFlow Extended (TFX) 
15226, TensorFlow Extended (TFX) 
15266, TensorFlow Extended (TFX) 
15333, TensorFlow Extended (TFX) 
15351, TensorFlow Extended (TFX) 
15473, TensorFlow Extended (TFX) 
15484, TensorFlow Extended (TFX) 
15505, TensorFlow Extended (TFX) 
15551, TensorFlow Extended (TFX) 
15597, TensorFlow Extended (TFX) 
15673, TensorFlow Extended (TFX) 
15728, TensorFlow Extended (TFX) 
15732, TensorFlow Extended (TFX) 
15910, TensorFlow Extended (TFX) 
15998, TensorFlow Extended (TFX) 
16030, TensorFlow Extended (TFX) 
16129, TensorFlow Extended (TFX) 
16153, TensorFlow Extended (TFX) 
16200, TensorFlow Extended (TFX) 
16251, TensorFlow Extended (TFX) 
16337, TensorFlow Extended (TFX) 
16386, TensorFlow Extended (TFX) 
16431, TensorFlow Extended (TFX) 
16474, TensorFlow Extended (TFX) 
16500, TensorFlow Extended (TFX) 
16525, TensorFlow Extended (TFX) 
16556, TensorFlow Extended (TFX) 
16724, TensorFlow Extended (TFX) 
16777, TensorFlow Extended (TFX) 
16985, TensorFlow Extended (TFX) 
17025, TensorFlow Extended (TFX) 
17061, TensorFlow Extended (TFX) 
17174, TensorFlow Extended (TFX) 
17193, TensorFlow Extended (TFX) 
17213, TensorFlow Extended (TFX) 
17331, TensorFlow Extended (TFX) 
17337, TensorFlow Extended (TFX) 
17352, TensorFlow Extended (TFX) 
17353, TensorFlow Extended (TFX) 
17380, TensorFlow Extended (TFX) 
17401, TensorFlow Extended (TFX) 
17433, TensorFlow Extended (TFX) 
17465, TensorFlow Extended (TFX) 
17512, TensorFlow Extended (TFX) 
17548, TensorFlow Extended (TFX) 
17571, TensorFlow Extended (TFX) 
17578, TensorFlow Extended (TFX) 
17618, TensorFlow Extended (TFX) 
17644, TensorFlow Extended (TFX) 
17676, TensorFlow Extended (TFX) 
17690, TensorFlow Extended (TFX) 
17723, TensorFlow Extended (TFX) 
17724, TensorFlow Extended (TFX) 
17744, TensorFlow Extended (TFX) 
17858, TensorFlow Extended (TFX) 
17910, TensorFlow Extended (TFX) 
17929, TensorFlow Extended (TFX) 
18141, TensorFlow Extended (TFX) 
18327, TensorFlow Extended (TFX) 
18395, TensorFlow Extended (TFX) 
18499, TensorFlow Extended (TFX) 
18731, TensorFlow Extended (TFX) 
18807, TensorFlow Extended (TFX) 
18859, TensorFlow Extended (TFX) 
18909, TensorFlow Extended (TFX) 
18923, TensorFlow Extended (TFX) 
18925, TensorFlow Extended (TFX) 
19006, TensorFlow Extended (TFX) 
19070, TensorFlow Extended (TFX) 
19124, TensorFlow Extended (TFX) 
19156, TensorFlow Extended (TFX) 
19346, TensorFlow Extended (TFX) 
19401, TensorFlow Extended (TFX) 
19449, TensorFlow Extended (TFX) 
19529, TensorFlow Extended (TFX) 
19568, TensorFlow Extended (TFX) 
19635, TensorFlow Extended (TFX) 
19641, TensorFlow Extended (TFX) 
19645, TensorFlow Extended (TFX) 
19709, TensorFlow Extended (TFX) 
19722, TensorFlow Extended (TFX) 
19760, TensorFlow Extended (TFX) 
19853, TensorFlow Extended (TFX) 
20021, TensorFlow Extended (TFX) 
20081, TensorFlow Extended (TFX) 
20137, TensorFlow Extended (TFX) 
20156, TensorFlow Extended (TFX) 
20224, TensorFlow Extended (TFX) 
20243, TensorFlow Extended (TFX) 
20256, TensorFlow Extended (TFX) 
20412, TensorFlow Extended (TFX) 
20445, TensorFlow Extended (TFX) 
20554, TensorFlow Extended (TFX) 
20556, TensorFlow Extended (TFX) 
20559, TensorFlow Extended (TFX) 
20569, TensorFlow Extended (TFX) 
20620, TensorFlow Extended (TFX) 
20747, TensorFlow Extended (TFX) 
21062, TensorFlow Extended (TFX) 
21063, TensorFlow Extended (TFX) 
21153, TensorFlow Extended (TFX) 
21166, TensorFlow Extended (TFX) 
21185, TensorFlow Extended (TFX) 
21237, TensorFlow Extended (TFX) 
21244, TensorFlow Extended (TFX) 
21325, TensorFlow Extended (TFX) 
21336, TensorFlow Extended (TFX) 
21340, TensorFlow Extended (TFX) 
21379, TensorFlow Extended (TFX) 
21386, TensorFlow Extended (TFX) 
21422, TensorFlow Extended (TFX) 
21568, TensorFlow Extended (TFX) 
21578, TensorFlow Extended (TFX) 
21656, TensorFlow Extended (TFX) 
21693, TensorFlow Extended (TFX) 
21727, TensorFlow Extended (TFX) 
21753, TensorFlow Extended (TFX) 
21777, TensorFlow Extended (TFX) 
21825, TensorFlow Extended (TFX) 
21856, TensorFlow Extended (TFX) 
21938, TensorFlow Extended (TFX) 
21942, TensorFlow Extended (TFX) 
22037, TensorFlow Extended (TFX) 
22074, TensorFlow Extended (TFX) 
22095, TensorFlow Extended (TFX) 
22197, TensorFlow Extended (TFX) 
22202, TensorFlow Extended (TFX) 
22217, TensorFlow Extended (TFX) 
22251, TensorFlow Extended (TFX) 
22330, TensorFlow Extended (TFX) 
22344, TensorFlow Extended (TFX) 
22401, TensorFlow Extended (TFX) 
22463, TensorFlow Extended (TFX) 
22482, TensorFlow Extended (TFX) 
22524, TensorFlow Extended (TFX) 
22662, TensorFlow Extended (TFX) 
22711, TensorFlow Extended (TFX) 
22862, TensorFlow Extended (TFX) 
22878, TensorFlow Extended (TFX) 
23059, TensorFlow Extended (TFX) 
23127, TensorFlow Extended (TFX) 
23155, TensorFlow Extended (TFX) 
23160, TensorFlow Extended (TFX) 
23203, TensorFlow Extended (TFX) 
23230, TensorFlow Extended (TFX) 
23241, TensorFlow Extended (TFX) 
23286, TensorFlow Extended (TFX) 
23409, TensorFlow Extended (TFX) 
23452, TensorFlow Extended (TFX) 
23471, TensorFlow Extended (TFX) 
23472, TensorFlow Extended (TFX) 
23492, TensorFlow Extended (TFX) 
23527, TensorFlow Extended (TFX) 
23537, TensorFlow Extended (TFX) 
23553, TensorFlow Extended (TFX) 
23561, TensorFlow Extended (TFX) 
23575, TensorFlow Extended (TFX) 
23618, TensorFlow Extended (TFX) 
23682, TensorFlow Extended (TFX) 
23692, TensorFlow Extended (TFX) 
23746, TensorFlow Extended (TFX) 
23809, TensorFlow Extended (TFX) 
23818, TensorFlow Extended (TFX) 
23829, TensorFlow Extended (TFX) 
23871, TensorFlow Extended (TFX) 
23917, TensorFlow Extended (TFX) 
23934, TensorFlow Extended (TFX) 
23963, TensorFlow Extended (TFX) 
23982, TensorFlow Extended (TFX) 
43, TorchServe 
48, TorchServe 
378, TorchServe 
389, TorchServe 
402, TorchServe 
449, TorchServe 
633, TorchServe 
644, TorchServe 
806, TorchServe 
886, TorchServe 
899, TorchServe 
1060, TorchServe 
1271, TorchServe 
1332, TorchServe 
1405, TorchServe 
1470, TorchServe 
1654, TorchServe 
1810, TorchServe 
1848, TorchServe 
1989, TorchServe 
2096, TorchServe 
2249, TorchServe 
2320, TorchServe 
2371, TorchServe 
2426, TorchServe 
2428, TorchServe 
2458, TorchServe 
2572, TorchServe 
2620, TorchServe 
2689, TorchServe 
2887, TorchServe 
2894, TorchServe 
3286, TorchServe 
3357, TorchServe 
3375, TorchServe 
3779, TorchServe 
4325, TorchServe 
4466, TorchServe 
4598, TorchServe 
4606, TorchServe 
4915, TorchServe 
4974, TorchServe 
4986, TorchServe 
5078, TorchServe 
5228, TorchServe 
5485, TorchServe 
5570, TorchServe 
5624, TorchServe 
5707, TorchServe 
5748, TorchServe 
5751, TorchServe 
5782, TorchServe 
5960, TorchServe 
5969, TorchServe 
5989, TorchServe 
6132, TorchServe 
6299, TorchServe 
6719, TorchServe 
6733, TorchServe 
6897, TorchServe 
7037, TorchServe 
7198, TorchServe 
7459, TorchServe 
7951, TorchServe 
8145, TorchServe 
8230, TorchServe 
8256, TorchServe 
8329, TorchServe 
8498, TorchServe 
8568, TorchServe 
8783, TorchServe 
8938, TorchServe 
9072, TorchServe 
9092, TorchServe 
9316, TorchServe 
9642, TorchServe 
9759, TorchServe 
9873, TorchServe 
10183, TorchServe 
10257, TorchServe 
10272, TorchServe 
10488, TorchServe 
10561, TorchServe 
10585, TorchServe 
10732, TorchServe 
10791, TorchServe 
10809, TorchServe 
10844, TorchServe 
10878, TorchServe 
10905, TorchServe 
10946, TorchServe 
10957, TorchServe 
11190, TorchServe 
11348, TorchServe 
11649, TorchServe 
12132, TorchServe 
12212, TorchServe 
12285, TorchServe 
12461, TorchServe 
12991, TorchServe 
13195, TorchServe 
13528, TorchServe 
13536, TorchServe 
13604, TorchServe 
13637, TorchServe 
13704, TorchServe 
13888, TorchServe 
13892, TorchServe 
14011, TorchServe 
14139, TorchServe 
14211, TorchServe 
14553, TorchServe 
14765, TorchServe 
14895, TorchServe 
14956, TorchServe 
14960, TorchServe 
14965, TorchServe 
14978, TorchServe 
15087, TorchServe 
15335, TorchServe 
15859, TorchServe 
15938, TorchServe 
16037, TorchServe 
16200, TorchServe 
16250, TorchServe 
16313, TorchServe 
16386, TorchServe 
16423, TorchServe 
16724, TorchServe 
16777, TorchServe 
17465, TorchServe 
17780, TorchServe 
17910, TorchServe 
18000, TorchServe 
18608, TorchServe 
18923, TorchServe 
19156, TorchServe 
19273, TorchServe 
19428, TorchServe 
19630, TorchServe 
19641, TorchServe 
19709, TorchServe 
19722, TorchServe 
19885, TorchServe 
19890, TorchServe 
20101, TorchServe 
20554, TorchServe 
20725, TorchServe 
21166, TorchServe 
21379, TorchServe 
21386, TorchServe 
21578, TorchServe 
21660, TorchServe 
22429, TorchServe 
22463, TorchServe 
22524, TorchServe 
22615, TorchServe 
22880, TorchServe 
23114, TorchServe 
23492, TorchServe 
23575, TorchServe 
23618, TorchServe 
23682, TorchServe 
23692, TorchServe 
23728, TorchServe 
23845, TorchServe 
23871, TorchServe 
3, ONNX Runtime 
43, ONNX Runtime 
102, ONNX Runtime 
114, ONNX Runtime 
123, ONNX Runtime 
184, ONNX Runtime 
200, ONNX Runtime 
236, ONNX Runtime 
289, ONNX Runtime 
378, ONNX Runtime 
402, ONNX Runtime 
440, ONNX Runtime 
449, ONNX Runtime 
633, ONNX Runtime 
634, ONNX Runtime 
843, ONNX Runtime 
893, ONNX Runtime 
928, ONNX Runtime 
945, ONNX Runtime 
962, ONNX Runtime 
998, ONNX Runtime 
1045, ONNX Runtime 
1090, ONNX Runtime 
1156, ONNX Runtime 
1354, ONNX Runtime 
1405, ONNX Runtime 
1556, ONNX Runtime 
1810, ONNX Runtime 
1901, ONNX Runtime 
2096, ONNX Runtime 
2276, ONNX Runtime 
2320, ONNX Runtime 
2382, ONNX Runtime 
2421, ONNX Runtime 
2426, ONNX Runtime 
2431, ONNX Runtime 
2482, ONNX Runtime 
2587, ONNX Runtime 
2923, ONNX Runtime 
2969, ONNX Runtime 
3008, ONNX Runtime 
3285, ONNX Runtime 
3286, ONNX Runtime 
3325, ONNX Runtime 
3357, ONNX Runtime 
3375, ONNX Runtime 
3504, ONNX Runtime 
3519, ONNX Runtime 
3572, ONNX Runtime 
3639, ONNX Runtime 
3687, ONNX Runtime 
3798, ONNX Runtime 
4226, ONNX Runtime 
4325, ONNX Runtime 
4466, ONNX Runtime 
4477, ONNX Runtime 
4612, ONNX Runtime 
5070, ONNX Runtime 
5214, ONNX Runtime 
5437, ONNX Runtime 
5570, ONNX Runtime 
5624, ONNX Runtime 
5708, ONNX Runtime 
5751, ONNX Runtime 
5825, ONNX Runtime 
5989, ONNX Runtime 
5992, ONNX Runtime 
6002, ONNX Runtime 
6132, ONNX Runtime 
6249, ONNX Runtime 
6299, ONNX Runtime 
6447, ONNX Runtime 
6731, ONNX Runtime 
6919, ONNX Runtime 
6932, ONNX Runtime 
7152, ONNX Runtime 
7162, ONNX Runtime 
7420, ONNX Runtime 
7459, ONNX Runtime 
7986, ONNX Runtime 
7990, ONNX Runtime 
8013, ONNX Runtime 
8084, ONNX Runtime 
8092, ONNX Runtime 
8362, ONNX Runtime 
8373, ONNX Runtime 
8532, ONNX Runtime 
8607, ONNX Runtime 
8673, ONNX Runtime 
8687, ONNX Runtime 
8699, ONNX Runtime 
8805, ONNX Runtime 
8901, ONNX Runtime 
8965, ONNX Runtime 
9113, ONNX Runtime 
9336, ONNX Runtime 
9467, ONNX Runtime 
10060, ONNX Runtime 
10108, ONNX Runtime 
10170, ONNX Runtime 
10427, ONNX Runtime 
10453, ONNX Runtime 
10480, ONNX Runtime 
10529, ONNX Runtime 
10767, ONNX Runtime 
10777, ONNX Runtime 
10809, ONNX Runtime 
10844, ONNX Runtime 
10905, ONNX Runtime 
10933, ONNX Runtime 
10971, ONNX Runtime 
11189, ONNX Runtime 
11408, ONNX Runtime 
11470, ONNX Runtime 
11901, ONNX Runtime 
11928, ONNX Runtime 
12024, ONNX Runtime 
12285, ONNX Runtime 
12784, ONNX Runtime 
12915, ONNX Runtime 
13018, ONNX Runtime 
13165, ONNX Runtime 
13311, ONNX Runtime 
13487, ONNX Runtime 
13528, ONNX Runtime 
13542, ONNX Runtime 
13604, ONNX Runtime 
13637, ONNX Runtime 
13892, ONNX Runtime 
13974, ONNX Runtime 
14011, ONNX Runtime 
14211, ONNX Runtime 
14268, ONNX Runtime 
14534, ONNX Runtime 
14551, ONNX Runtime 
14553, ONNX Runtime 
14628, ONNX Runtime 
14639, ONNX Runtime 
14978, ONNX Runtime 
15017, ONNX Runtime 
15077, ONNX Runtime 
15087, ONNX Runtime 
15128, ONNX Runtime 
15226, ONNX Runtime 
15265, ONNX Runtime 
15348, ONNX Runtime 
15646, ONNX Runtime 
15739, ONNX Runtime 
15796, ONNX Runtime 
15818, ONNX Runtime 
15829, ONNX Runtime 
15938, ONNX Runtime 
16100, ONNX Runtime 
16129, ONNX Runtime 
16229, ONNX Runtime 
16250, ONNX Runtime 
16348, ONNX Runtime 
16382, ONNX Runtime 
16423, ONNX Runtime 
16431, ONNX Runtime 
16457, ONNX Runtime 
16787, ONNX Runtime 
16997, ONNX Runtime 
17061, ONNX Runtime 
17193, ONNX Runtime 
17276, ONNX Runtime 
17353, ONNX Runtime 
17566, ONNX Runtime 
17635, ONNX Runtime 
17664, ONNX Runtime 
17665, ONNX Runtime 
17744, ONNX Runtime 
17888, ONNX Runtime 
17984, ONNX Runtime 
18269, ONNX Runtime 
18349, ONNX Runtime 
18478, ONNX Runtime 
18638, ONNX Runtime 
18859, ONNX Runtime 
18923, ONNX Runtime 
18925, ONNX Runtime 
19103, ONNX Runtime 
19200, ONNX Runtime 
19337, ONNX Runtime 
19392, ONNX Runtime 
19529, ONNX Runtime 
19630, ONNX Runtime 
19632, ONNX Runtime 
19641, ONNX Runtime 
19739, ONNX Runtime 
19857, ONNX Runtime 
19882, ONNX Runtime 
20099, ONNX Runtime 
20101, ONNX Runtime 
20156, ONNX Runtime 
20256, ONNX Runtime 
20494, ONNX Runtime 
20532, ONNX Runtime 
20877, ONNX Runtime 
20908, ONNX Runtime 
21136, ONNX Runtime 
21153, ONNX Runtime 
21166, ONNX Runtime 
21179, ONNX Runtime 
21379, ONNX Runtime 
21616, ONNX Runtime 
21660, ONNX Runtime 
22489, ONNX Runtime 
22521, ONNX Runtime 
22651, ONNX Runtime 
22711, ONNX Runtime 
22874, ONNX Runtime 
22880, ONNX Runtime 
22899, ONNX Runtime 
22965, ONNX Runtime 
23095, ONNX Runtime 
23110, ONNX Runtime 
23114, ONNX Runtime 
23403, ONNX Runtime 
23429, ONNX Runtime 
23445, ONNX Runtime 
23721, ONNX Runtime 
23804, ONNX Runtime 
23810, ONNX Runtime 
200, Triton Inference Server 
236, Triton Inference Server 
580, Triton Inference Server 
633, Triton Inference Server 
1156, Triton Inference Server 
1725, Triton Inference Server 
2111, Triton Inference Server 
2258, Triton Inference Server 
2431, Triton Inference Server 
3008, Triton Inference Server 
3286, Triton Inference Server 
3375, Triton Inference Server 
3504, Triton Inference Server 
3572, Triton Inference Server 
4325, Triton Inference Server 
4466, Triton Inference Server 
5707, Triton Inference Server 
5708, Triton Inference Server 
5751, Triton Inference Server 
5989, Triton Inference Server 
5992, Triton Inference Server 
6249, Triton Inference Server 
6299, Triton Inference Server 
6352, Triton Inference Server 
6497, Triton Inference Server 
6533, Triton Inference Server 
6826, Triton Inference Server 
6919, Triton Inference Server 
7420, Triton Inference Server 
8084, Triton Inference Server 
8230, Triton Inference Server 
8901, Triton Inference Server 
9336, Triton Inference Server 
9383, Triton Inference Server 
10905, Triton Inference Server 
10946, Triton Inference Server 
11296, Triton Inference Server 
11408, Triton Inference Server 
11470, Triton Inference Server 
12199, Triton Inference Server 
12784, Triton Inference Server 
13542, Triton Inference Server 
13604, Triton Inference Server 
13770, Triton Inference Server 
14015, Triton Inference Server 
14765, Triton Inference Server 
15128, Triton Inference Server 
15148, Triton Inference Server 
15726, Triton Inference Server 
15868, Triton Inference Server 
16251, Triton Inference Server 
16431, Triton Inference Server 
16777, Triton Inference Server 
16872, Triton Inference Server 
17061, Triton Inference Server 
17193, Triton Inference Server 
17548, Triton Inference Server 
17664, Triton Inference Server 
17744, Triton Inference Server 
19529, Triton Inference Server 
19641, Triton Inference Server 
20243, Triton Inference Server 
20375, Triton Inference Server 
21379, Triton Inference Server 
21825, Triton Inference Server 
22478, Triton Inference Server 
22816, Triton Inference Server 
22930, Triton Inference Server 
23429, Triton Inference Server 
23553, Triton Inference Server 
123, OpenVINO Model Server 
246, OpenVINO Model Server 
449, OpenVINO Model Server 
633, OpenVINO Model Server 
998, OpenVINO Model Server 
1045, OpenVINO Model Server 
1090, OpenVINO Model Server 
1156, OpenVINO Model Server 
2249, OpenVINO Model Server 
2272, OpenVINO Model Server 
2431, OpenVINO Model Server 
3286, OpenVINO Model Server 
3375, OpenVINO Model Server 
3572, OpenVINO Model Server 
3798, OpenVINO Model Server 
4325, OpenVINO Model Server 
4466, OpenVINO Model Server 
4590, OpenVINO Model Server 
4849, OpenVINO Model Server 
4974, OpenVINO Model Server 
5070, OpenVINO Model Server 
5521, OpenVINO Model Server 
5707, OpenVINO Model Server 
5751, OpenVINO Model Server 
6132, OpenVINO Model Server 
6299, OpenVINO Model Server 
6554, OpenVINO Model Server 
6919, OpenVINO Model Server 
7459, OpenVINO Model Server 
8013, OpenVINO Model Server 
8687, OpenVINO Model Server 
8901, OpenVINO Model Server 
9054, OpenVINO Model Server 
9245, OpenVINO Model Server 
9336, OpenVINO Model Server 
9750, OpenVINO Model Server 
9861, OpenVINO Model Server 
10183, OpenVINO Model Server 
10674, OpenVINO Model Server 
10697, OpenVINO Model Server 
10905, OpenVINO Model Server 
11189, OpenVINO Model Server 
11470, OpenVINO Model Server 
12483, OpenVINO Model Server 
13158, OpenVINO Model Server 
13195, OpenVINO Model Server 
13311, OpenVINO Model Server 
13525, OpenVINO Model Server 
13532, OpenVINO Model Server 
13542, OpenVINO Model Server 
13715, OpenVINO Model Server 
13892, OpenVINO Model Server 
14259, OpenVINO Model Server 
14509, OpenVINO Model Server 
14551, OpenVINO Model Server 
14971, OpenVINO Model Server 
15148, OpenVINO Model Server 
15473, OpenVINO Model Server 
16431, OpenVINO Model Server 
16787, OpenVINO Model Server 
17276, OpenVINO Model Server 
17353, OpenVINO Model Server 
17571, OpenVINO Model Server 
17676, OpenVINO Model Server 
17744, OpenVINO Model Server 
18265, OpenVINO Model Server 
18269, OpenVINO Model Server 
18486, OpenVINO Model Server 
18638, OpenVINO Model Server 
18923, OpenVINO Model Server 
19009, OpenVINO Model Server 
19600, OpenVINO Model Server 
19635, OpenVINO Model Server 
19641, OpenVINO Model Server 
19857, OpenVINO Model Server 
20099, OpenVINO Model Server 
20338, OpenVINO Model Server 
20807, OpenVINO Model Server 
21124, OpenVINO Model Server 
21153, OpenVINO Model Server 
21379, OpenVINO Model Server 
21566, OpenVINO Model Server 
21578, OpenVINO Model Server 
21658, OpenVINO Model Server 
21938, OpenVINO Model Server 
22068, OpenVINO Model Server 
22521, OpenVINO Model Server 
22599, OpenVINO Model Server 
23110, OpenVINO Model Server 
23409, OpenVINO Model Server 
23537, OpenVINO Model Server 
23553, OpenVINO Model Server 
23818, OpenVINO Model Server 
633, KServe 
893, KServe 
1810, KServe 
1989, KServe 
2198, KServe 
2249, KServe 
3286, KServe 
3375, KServe 
3670, KServe 
3779, KServe 
4325, KServe 
4466, KServe 
4606, KServe 
4612, KServe 
4755, KServe 
4783, KServe 
4913, KServe 
5294, KServe 
5707, KServe 
6299, KServe 
6401, KServe 
7230, KServe 
7880, KServe 
8750, KServe 
9038, KServe 
10558, KServe 
10668, KServe 
10878, KServe 
10905, KServe 
11027, KServe 
11408, KServe 
13604, KServe 
13794, KServe 
14139, KServe 
14504, KServe 
14551, KServe 
14628, KServe 
14907, KServe 
14960, KServe 
15650, KServe 
16251, KServe 
16787, KServe 
16912, KServe 
17193, KServe 
17248, KServe 
17386, KServe 
17465, KServe 
17548, KServe 
17744, KServe 
18113, KServe 
19641, KServe 
20559, KServe 
20620, KServe 
20746, KServe 
21209, KServe 
21379, KServe 
21459, KServe 
21934, KServe 
22139, KServe 
22668, KServe 
22711, KServe 
23682, KServe 
23917, KServe 
633, BentoML 
928, BentoML 
2817, BentoML 
2894, BentoML 
3008, BentoML 
3286, BentoML 
3375, BentoML 
3572, BentoML 
4298, BentoML 
4325, BentoML 
4466, BentoML 
4937, BentoML 
5254, BentoML 
5294, BentoML 
5314, BentoML 
5331, BentoML 
5707, BentoML 
5751, BentoML 
5782, BentoML 
6044, BentoML 
6299, BentoML 
6717, BentoML 
6729, BentoML 
7459, BentoML 
7521, BentoML 
7951, BentoML 
8084, BentoML 
8750, BentoML 
9750, BentoML 
10183, BentoML 
10529, BentoML 
10777, BentoML 
10905, BentoML 
11222, BentoML 
11537, BentoML 
12024, BentoML 
12518, BentoML 
13708, BentoML 
14120, BentoML 
15172, BentoML 
15998, BentoML 
17658, BentoML 
17744, BentoML 
18030, BentoML 
18880, BentoML 
18999, BentoML 
19641, BentoML 
21153, BentoML 
21379, BentoML 
21437, BentoML 
21934, BentoML 
22330, BentoML 
23553, BentoML 
449, Multi Model Server (MMS) 
633, Multi Model Server (MMS) 
886, Multi Model Server (MMS) 
893, Multi Model Server (MMS) 
1332, Multi Model Server (MMS) 
2549, Multi Model Server (MMS) 
2562, Multi Model Server (MMS) 
2894, Multi Model Server (MMS) 
3286, Multi Model Server (MMS) 
3375, Multi Model Server (MMS) 
3572, Multi Model Server (MMS) 
4325, Multi Model Server (MMS) 
4466, Multi Model Server (MMS) 
4473, Multi Model Server (MMS) 
4806, Multi Model Server (MMS) 
4863, Multi Model Server (MMS) 
4986, Multi Model Server (MMS) 
5160, Multi Model Server (MMS) 
5294, Multi Model Server (MMS) 
5707, Multi Model Server (MMS) 
5751, Multi Model Server (MMS) 
5941, Multi Model Server (MMS) 
6446, Multi Model Server (MMS) 
7925, Multi Model Server (MMS) 
8860, Multi Model Server (MMS) 
9750, Multi Model Server (MMS) 
9777, Multi Model Server (MMS) 
9987, Multi Model Server (MMS) 
10012, Multi Model Server (MMS) 
10176, Multi Model Server (MMS) 
10183, Multi Model Server (MMS) 
10292, Multi Model Server (MMS) 
10905, Multi Model Server (MMS) 
11947, Multi Model Server (MMS) 
12335, Multi Model Server (MMS) 
12675, Multi Model Server (MMS) 
13158, Multi Model Server (MMS) 
13311, Multi Model Server (MMS) 
13637, Multi Model Server (MMS) 
14143, Multi Model Server (MMS) 
14203, Multi Model Server (MMS) 
14211, Multi Model Server (MMS) 
14744, Multi Model Server (MMS) 
14956, Multi Model Server (MMS) 
14971, Multi Model Server (MMS) 
16777, Multi Model Server (MMS) 
17780, Multi Model Server (MMS) 
18269, Multi Model Server (MMS) 
18999, Multi Model Server (MMS) 
19401, Multi Model Server (MMS) 
19641, Multi Model Server (MMS) 
19722, Multi Model Server (MMS) 
19885, Multi Model Server (MMS) 
20243, Multi Model Server (MMS) 
20269, Multi Model Server (MMS) 
20990, Multi Model Server (MMS) 
21153, Multi Model Server (MMS) 
21166, Multi Model Server (MMS) 
21514, Multi Model Server (MMS) 
22711, Multi Model Server (MMS) 
22880, Multi Model Server (MMS) 
23155, Multi Model Server (MMS) 
580, Seldon Core 
633, Seldon Core 
886, Seldon Core 
1639, Seldon Core 
2159, Seldon Core 
3168, Seldon Core 
3286, Seldon Core 
3375, Seldon Core 
3522, Seldon Core 
3572, Seldon Core 
4325, Seldon Core 
4466, Seldon Core 
4590, Seldon Core 
5707, Seldon Core 
5751, Seldon Core 
6299, Seldon Core 
6717, Seldon Core 
7171, Seldon Core 
8033, Seldon Core 
9750, Seldon Core 
10183, Seldon Core 
10196, Seldon Core 
10505, Seldon Core 
10591, Seldon Core 
10905, Seldon Core 
11553, Seldon Core 
12032, Seldon Core 
12349, Seldon Core 
12611, Seldon Core 
12725, Seldon Core 
13604, Seldon Core 
14551, Seldon Core 
15441, Seldon Core 
15829, Seldon Core 
17465, Seldon Core 
17548, Seldon Core 
17780, Seldon Core 
17787, Seldon Core 
18756, Seldon Core 
19641, Seldon Core 
20243, Seldon Core 
21153, Seldon Core 
21253, Seldon Core 
21379, Seldon Core 
21437, Seldon Core 
22478, Seldon Core 
23919, Seldon Core 
13, MLflow 
16, MLflow 
17, MLflow 
18, MLflow 
57, MLflow 
83, MLflow 
114, MLflow 
237, MLflow 
244, MLflow 
246, MLflow 
261, MLflow 
378, MLflow 
389, MLflow 
425, MLflow 
449, MLflow 
537, MLflow 
557, MLflow 
580, MLflow 
591, MLflow 
621, MLflow 
626, MLflow 
633, MLflow 
634, MLflow 
705, MLflow 
711, MLflow 
726, MLflow 
797, MLflow 
836, MLflow 
843, MLflow 
867, MLflow 
893, MLflow 
928, MLflow 
932, MLflow 
952, MLflow 
1019, MLflow 
1080, MLflow 
1093, MLflow 
1146, MLflow 
1171, MLflow 
1271, MLflow 
1333, MLflow 
1354, MLflow 
1470, MLflow 
1573, MLflow 
1626, MLflow 
1639, MLflow 
1654, MLflow 
1670, MLflow 
1746, MLflow 
1764, MLflow 
1774, MLflow 
1788, MLflow 
1810, MLflow 
1815, MLflow 
1818, MLflow 
1824, MLflow 
1862, MLflow 
1917, MLflow 
1989, MLflow 
2012, MLflow 
2057, MLflow 
2067, MLflow 
2108, MLflow 
2206, MLflow 
2218, MLflow 
2249, MLflow 
2281, MLflow 
2425, MLflow 
2583, MLflow 
2615, MLflow 
2650, MLflow 
2683, MLflow 
2705, MLflow 
2817, MLflow 
2818, MLflow 
2887, MLflow 
2923, MLflow 
2924, MLflow 
2965, MLflow 
2997, MLflow 
3008, MLflow 
3097, MLflow 
3168, MLflow 
3224, MLflow 
3244, MLflow 
3245, MLflow 
3278, MLflow 
3286, MLflow 
3288, MLflow 
3294, MLflow 
3312, MLflow 
3325, MLflow 
3342, MLflow 
3371, MLflow 
3375, MLflow 
3511, MLflow 
3522, MLflow 
3603, MLflow 
3609, MLflow 
3642, MLflow 
3657, MLflow 
3682, MLflow 
3724, MLflow 
3739, MLflow 
3756, MLflow 
3779, MLflow 
3837, MLflow 
3870, MLflow 
3987, MLflow 
4130, MLflow 
4167, MLflow 
4197, MLflow 
4298, MLflow 
4319, MLflow 
4322, MLflow 
4325, MLflow 
4332, MLflow 
4423, MLflow 
4466, MLflow 
4470, MLflow 
4588, MLflow 
4590, MLflow 
4606, MLflow 
4612, MLflow 
4734, MLflow 
4835, MLflow 
4848, MLflow 
5056, MLflow 
5065, MLflow 
5094, MLflow 
5160, MLflow 
5194, MLflow 
5212, MLflow 
5260, MLflow 
5269, MLflow 
5289, MLflow 
5314, MLflow 
5324, MLflow 
5400, MLflow 
5419, MLflow 
5570, MLflow 
5652, MLflow 
5675, MLflow 
5690, MLflow 
5707, MLflow 
5708, MLflow 
5715, MLflow 
5743, MLflow 
5748, MLflow 
5751, MLflow 
5793, MLflow 
5825, MLflow 
5841, MLflow 
5921, MLflow 
5938, MLflow 
5941, MLflow 
5969, MLflow 
5975, MLflow 
6002, MLflow 
6024, MLflow 
6058, MLflow 
6070, MLflow 
6102, MLflow 
6217, MLflow 
6249, MLflow 
6269, MLflow 
6275, MLflow 
6276, MLflow 
6288, MLflow 
6299, MLflow 
6367, MLflow 
6496, MLflow 
6497, MLflow 
6533, MLflow 
6586, MLflow 
6600, MLflow 
6620, MLflow 
6711, MLflow 
6836, MLflow 
6897, MLflow 
6919, MLflow 
6950, MLflow 
6966, MLflow 
7009, MLflow 
7037, MLflow 
7041, MLflow 
7060, MLflow 
7071, MLflow 
7118, MLflow 
7171, MLflow 
7196, MLflow 
7209, MLflow 
7226, MLflow 
7248, MLflow 
7267, MLflow 
7271, MLflow 
7325, MLflow 
7348, MLflow 
7388, MLflow 
7412, MLflow 
7418, MLflow 
7443, MLflow 
7492, MLflow 
7582, MLflow 
7628, MLflow 
7697, MLflow 
7757, MLflow 
7828, MLflow 
7848, MLflow 
7890, MLflow 
7908, MLflow 
7990, MLflow 
8033, MLflow 
8049, MLflow 
8060, MLflow 
8084, MLflow 
8091, MLflow 
8106, MLflow 
8155, MLflow 
8210, MLflow 
8227, MLflow 
8237, MLflow 
8241, MLflow 
8300, MLflow 
8373, MLflow 
8453, MLflow 
8542, MLflow 
8549, MLflow 
8568, MLflow 
8585, MLflow 
8607, MLflow 
8628, MLflow 
8671, MLflow 
8687, MLflow 
8750, MLflow 
8786, MLflow 
8796, MLflow 
8824, MLflow 
8837, MLflow 
8856, MLflow 
8860, MLflow 
8877, MLflow 
8893, MLflow 
8938, MLflow 
8988, MLflow 
9054, MLflow 
9085, MLflow 
9245, MLflow 
9265, MLflow 
9297, MLflow 
9301, MLflow 
9383, MLflow 
9426, MLflow 
9437, MLflow 
9467, MLflow 
9534, MLflow 
9642, MLflow 
9682, MLflow 
9738, MLflow 
9750, MLflow 
9764, MLflow 
9810, MLflow 
9937, MLflow 
9952, MLflow 
9960, MLflow 
10052, MLflow 
10108, MLflow 
10170, MLflow 
10174, MLflow 
10183, MLflow 
10184, MLflow 
10239, MLflow 
10242, MLflow 
10257, MLflow 
10263, MLflow 
10292, MLflow 
10350, MLflow 
10355, MLflow 
10427, MLflow 
10434, MLflow 
10505, MLflow 
10529, MLflow 
10585, MLflow 
10615, MLflow 
10679, MLflow 
10685, MLflow 
10692, MLflow 
10743, MLflow 
10777, MLflow 
10789, MLflow 
10791, MLflow 
10828, MLflow 
10869, MLflow 
10878, MLflow 
10880, MLflow 
10905, MLflow 
11078, MLflow 
11131, MLflow 
11152, MLflow 
11167, MLflow 
11197, MLflow 
11201, MLflow 
11215, MLflow 
11236, MLflow 
11266, MLflow 
11277, MLflow 
11282, MLflow 
11360, MLflow 
11374, MLflow 
11408, MLflow 
11440, MLflow 
11456, MLflow 
11504, MLflow 
11521, MLflow 
11537, MLflow 
11553, MLflow 
11600, MLflow 
11616, MLflow 
11649, MLflow 
11678, MLflow 
11749, MLflow 
11799, MLflow 
11801, MLflow 
11804, MLflow 
11826, MLflow 
11906, MLflow 
11985, MLflow 
12013, MLflow 
12061, MLflow 
12072, MLflow 
12132, MLflow 
12181, MLflow 
12212, MLflow 
12249, MLflow 
12349, MLflow 
12355, MLflow 
12357, MLflow 
12434, MLflow 
12440, MLflow 
12473, MLflow 
12510, MLflow 
12518, MLflow 
12638, MLflow 
12659, MLflow 
12675, MLflow 
12676, MLflow 
12768, MLflow 
12803, MLflow 
12807, MLflow 
12822, MLflow 
12863, MLflow 
12881, MLflow 
12908, MLflow 
12934, MLflow 
12991, MLflow 
13164, MLflow 
13165, MLflow 
13195, MLflow 
13208, MLflow 
13215, MLflow 
13243, MLflow 
13278, MLflow 
13395, MLflow 
13415, MLflow 
13429, MLflow 
13475, MLflow 
13476, MLflow 
13604, MLflow 
13637, MLflow 
13681, MLflow 
13708, MLflow 
13709, MLflow 
13786, MLflow 
13794, MLflow 
13831, MLflow 
13892, MLflow 
13922, MLflow 
13958, MLflow 
14015, MLflow 
14120, MLflow 
14139, MLflow 
14143, MLflow 
14187, MLflow 
14262, MLflow 
14339, MLflow 
14340, MLflow 
14353, MLflow 
14359, MLflow 
14419, MLflow 
14451, MLflow 
14508, MLflow 
14534, MLflow 
14543, MLflow 
14556, MLflow 
14595, MLflow 
14628, MLflow 
14639, MLflow 
14733, MLflow 
14788, MLflow 
14795, MLflow 
14838, MLflow 
14840, MLflow 
14956, MLflow 
14965, MLflow 
15049, MLflow 
15172, MLflow 
15223, MLflow 
15225, MLflow 
15248, MLflow 
15282, MLflow 
15342, MLflow 
15348, MLflow 
15431, MLflow 
15441, MLflow 
15473, MLflow 
15496, MLflow 
15514, MLflow 
15581, MLflow 
15714, MLflow 
15726, MLflow 
15754, MLflow 
15796, MLflow 
15819, MLflow 
15829, MLflow 
15926, MLflow 
15970, MLflow 
15996, MLflow 
16153, MLflow 
16227, MLflow 
16232, MLflow 
16250, MLflow 
16382, MLflow 
16386, MLflow 
16431, MLflow 
16474, MLflow 
16475, MLflow 
16576, MLflow 
16765, MLflow 
16787, MLflow 
16872, MLflow 
16968, MLflow 
16985, MLflow 
16997, MLflow 
17066, MLflow 
17154, MLflow 
17170, MLflow 
17193, MLflow 
17212, MLflow 
17213, MLflow 
17333, MLflow 
17337, MLflow 
17340, MLflow 
17352, MLflow 
17353, MLflow 
17386, MLflow 
17398, MLflow 
17465, MLflow 
17486, MLflow 
17572, MLflow 
17600, MLflow 
17635, MLflow 
17664, MLflow 
17681, MLflow 
17683, MLflow 
17690, MLflow 
17722, MLflow 
17743, MLflow 
17780, MLflow 
17787, MLflow 
17929, MLflow 
17984, MLflow 
18018, MLflow 
18056, MLflow 
18158, MLflow 
18265, MLflow 
18370, MLflow 
18413, MLflow 
18418, MLflow 
18428, MLflow 
18502, MLflow 
18562, MLflow 
18596, MLflow 
18608, MLflow 
18638, MLflow 
18731, MLflow 
18788, MLflow 
18811, MLflow 
18853, MLflow 
18925, MLflow 
19006, MLflow 
19009, MLflow 
19015, MLflow 
19070, MLflow 
19073, MLflow 
19089, MLflow 
19090, MLflow 
19104, MLflow 
19156, MLflow 
19200, MLflow 
19253, MLflow 
19280, MLflow 
19282, MLflow 
19308, MLflow 
19346, MLflow 
19449, MLflow 
19519, MLflow 
19604, MLflow 
19632, MLflow 
19641, MLflow 
19645, MLflow 
19682, MLflow 
19688, MLflow 
19823, MLflow 
19840, MLflow 
19875, MLflow 
19883, MLflow 
19965, MLflow 
19971, MLflow 
20032, MLflow 
20058, MLflow 
20101, MLflow 
20168, MLflow 
20224, MLflow 
20243, MLflow 
20255, MLflow 
20286, MLflow 
20341, MLflow 
20355, MLflow 
20412, MLflow 
20512, MLflow 
20527, MLflow 
20536, MLflow 
20537, MLflow 
20559, MLflow 
20569, MLflow 
20647, MLflow 
20671, MLflow 
20756, MLflow 
20760, MLflow 
20777, MLflow 
20809, MLflow 
20848, MLflow 
20933, MLflow 
20956, MLflow 
21062, MLflow 
21109, MLflow 
21153, MLflow 
21179, MLflow 
21209, MLflow 
21253, MLflow 
21308, MLflow 
21357, MLflow 
21364, MLflow 
21379, MLflow 
21385, MLflow 
21391, MLflow 
21422, MLflow 
21435, MLflow 
21437, MLflow 
21534, MLflow 
21578, MLflow 
21586, MLflow 
21590, MLflow 
21637, MLflow 
21683, MLflow 
21696, MLflow 
21740, MLflow 
21753, MLflow 
21780, MLflow 
22114, MLflow 
22157, MLflow 
22162, MLflow 
22197, MLflow 
22217, MLflow 
22251, MLflow 
22281, MLflow 
22330, MLflow 
22401, MLflow 
22433, MLflow 
22463, MLflow 
22478, MLflow 
22482, MLflow 
22485, MLflow 
22489, MLflow 
22512, MLflow 
22521, MLflow 
22543, MLflow 
22560, MLflow 
22599, MLflow 
22602, MLflow 
22651, MLflow 
22711, MLflow 
22757, MLflow 
22879, MLflow 
22885, MLflow 
22968, MLflow 
23057, MLflow 
23061, MLflow 
23110, MLflow 
23114, MLflow 
23160, MLflow 
23165, MLflow 
23230, MLflow 
23289, MLflow 
23323, MLflow 
23330, MLflow 
23409, MLflow 
23437, MLflow 
23511, MLflow 
23553, MLflow 
23575, MLflow 
23618, MLflow 
23655, MLflow 
23662, MLflow 
23692, MLflow 
23693, MLflow 
23796, MLflow 
23810, MLflow 
23919, MLflow 
23963, MLflow 
23989, MLflow 
8,None
25,None
27,None
29,None
32,None
35,None
45,None
63,None
75,None
81,None
125,None
127,None
135,None
136,None
139,None
159,None
160,None
163,None
164,None
172,None
177,None
185,None
197,None
205,None
207,None
210,None
213,None
219,None
240,None
243,None
250,None
254,None
257,None
267,None
268,None
271,None
273,None
281,None
298,None
313,None
328,None
336,None
340,None
341,None
342,None
347,None
348,None
366,None
367,None
370,None
391,None
394,None
398,None
399,None
406,None
407,None
417,None
418,None
420,None
433,None
436,None
439,None
462,None
468,None
470,None
472,None
477,None
481,None
496,None
513,None
524,None
554,None
558,None
568,None
569,None
579,None
582,None
593,None
607,None
609,None
612,None
616,None
617,None
618,None
623,None
624,None
632,None
679,None
687,None
692,None
706,None
715,None
723,None
725,None
728,None
742,None
755,None
770,None
772,None
774,None
775,None
776,None
777,None
778,None
781,None
786,None
791,None
793,None
811,None
815,None
816,None
820,None
821,None
825,None
826,None
835,None
838,None
840,None
851,None
856,None
866,None
875,None
885,None
896,None
935,None
954,None
959,None
963,None
979,None
993,None
1003,None
1010,None
1014,None
1026,None
1031,None
1034,None
1043,None
1059,None
1063,None
1067,None
1068,None
1072,None
1073,None
1082,None
1098,None
1110,None
1111,None
1127,None
1128,None
1129,None
1133,None
1136,None
1137,None
1151,None
1167,None
1173,None
1174,None
1176,None
1188,None
1197,None
1200,None
1207,None
1236,None
1250,None
1259,None
1262,None
1265,None
1267,None
1274,None
1275,None
1277,None
1281,None
1285,None
1293,None
1303,None
1305,None
1308,None
1321,None
1329,None
1336,None
1348,None
1358,None
1359,None
1362,None
1374,None
1382,None
1384,None
1390,None
1392,None
1393,None
1395,None
1402,None
1412,None
1413,None
1421,None
1422,None
1423,None
1427,None
1461,None
1475,None
1484,None
1504,None
1517,None
1523,None
1528,None
1534,None
1537,None
1548,None
1552,None
1554,None
1557,None
1565,None
1570,None
1585,None
1595,None
1602,None
1606,None
1618,None
1620,None
1650,None
1669,None
1677,None
1689,None
1697,None
1716,None
1721,None
1722,None
1723,None
1731,None
1735,None
1736,None
1742,None
1747,None
1750,None
1757,None
1771,None
1777,None
1790,None
1801,None
1802,None
1806,None
1820,None
1834,None
1837,None
1838,None
1841,None
1844,None
1850,None
1864,None
1881,None
1882,None
1883,None
1884,None
1885,None
1888,None
1889,None
1906,None
1911,None
1915,None
1922,None
1926,None
1933,None
1934,None
1937,None
1942,None
1958,None
1973,None
1978,None
1982,None
1983,None
1985,None
2015,None
2019,None
2026,None
2029,None
2031,None
2035,None
2039,None
2040,None
2054,None
2056,None
2062,None
2063,None
2072,None
2076,None
2090,None
2095,None
2099,None
2106,None
2138,None
2149,None
2155,None
2156,None
2157,None
2161,None
2162,None
2169,None
2170,None
2176,None
2186,None
2197,None
2250,None
2266,None
2275,None
2284,None
2289,None
2294,None
2312,None
2313,None
2314,None
2318,None
2322,None
2331,None
2334,None
2346,None
2348,None
2351,None
2356,None
2361,None
2364,None
2372,None
2380,None
2381,None
2383,None
2395,None
2417,None
2435,None
2440,None
2441,None
2459,None
2462,None
2463,None
2465,None
2491,None
2500,None
2506,None
2507,None
2517,None
2520,None
2526,None
2527,None
2535,None
2538,None
2539,None
2542,None
2564,None
2565,None
2569,None
2570,None
2575,None
2579,None
2580,None
2589,None
2593,None
2597,None
2605,None
2617,None
2630,None
2632,None
2647,None
2654,None
2706,None
2714,None
2717,None
2719,None
2721,None
2726,None
2727,None
2743,None
2745,None
2748,None
2749,None
2751,None
2770,None
2780,None
2781,None
2788,None
2805,None
2809,None
2820,None
2824,None
2827,None
2838,None
2840,None
2855,None
2857,None
2869,None
2890,None
2891,None
2896,None
2903,None
2904,None
2907,None
2912,None
2933,None
2939,None
2958,None
2961,None
2964,None
2998,None
3007,None
3012,None
3025,None
3033,None
3038,None
3047,None
3051,None
3054,None
3068,None
3101,None
3118,None
3120,None
3128,None
3130,None
3134,None
3135,None
3138,None
3145,None
3155,None
3157,None
3158,None
3161,None
3170,None
3185,None
3186,None
3190,None
3191,None
3196,None
3205,None
3208,None
3209,None
3223,None
3225,None
3232,None
3233,None
3241,None
3246,None
3257,None
3265,None
3293,None
3302,None
3309,None
3314,None
3323,None
3327,None
3340,None
3345,None
3361,None
3365,None
3369,None
3370,None
3374,None
3377,None
3379,None
3392,None
3395,None
3397,None
3399,None
3406,None
3408,None
3409,None
3415,None
3424,None
3442,None
3457,None
3459,None
3465,None
3469,None
3480,None
3485,None
3499,None
3513,None
3520,None
3530,None
3532,None
3540,None
3542,None
3545,None
3549,None
3561,None
3562,None
3563,None
3592,None
3595,None
3600,None
3601,None
3616,None
3618,None
3622,None
3629,None
3637,None
3638,None
3644,None
3645,None
3653,None
3680,None
3683,None
3690,None
3701,None
3705,None
3716,None
3725,None
3727,None
3738,None
3751,None
3754,None
3759,None
3762,None
3767,None
3775,None
3785,None
3793,None
3801,None
3804,None
3807,None
3809,None
3810,None
3820,None
3821,None
3824,None
3829,None
3831,None
3834,None
3854,None
3855,None
3863,None
3887,None
3889,None
3890,None
3904,None
3907,None
3912,None
3936,None
3941,None
3955,None
3957,None
3964,None
3966,None
3978,None
3981,None
3984,None
3991,None
3999,None
4008,None
4010,None
4018,None
4020,None
4025,None
4026,None
4030,None
4036,None
4055,None
4056,None
4059,None
4063,None
4065,None
4069,None
4076,None
4077,None
4079,None
4096,None
4097,None
4098,None
4109,None
4115,None
4116,None
4119,None
4141,None
4154,None
4156,None
4158,None
4165,None
4170,None
4173,None
4174,None
4182,None
4193,None
4201,None
4229,None
4234,None
4236,None
4251,None
4259,None
4261,None
4269,None
4278,None
4289,None
4290,None
4295,None
4301,None
4314,None
4315,None
4318,None
4327,None
4333,None
4335,None
4338,None
4341,None
4349,None
4350,None
4363,None
4372,None
4381,None
4390,None
4392,None
4395,None
4396,None
4408,None
4409,None
4412,None
4419,None
4429,None
4442,None
4446,None
4455,None
4467,None
4474,None
4476,None
4483,None
4489,None
4498,None
4506,None
4515,None
4524,None
4525,None
4529,None
4542,None
4545,None
4546,None
4551,None
4552,None
4572,None
4577,None
4583,None
4591,None
4597,None
4600,None
4601,None
4602,None
4614,None
4618,None
4622,None
4632,None
4641,None
4643,None
4647,None
4657,None
4662,None
4669,None
4688,None
4703,None
4745,None
4746,None
4750,None
4758,None
4760,None
4762,None
4768,None
4774,None
4775,None
4794,None
4808,None
4811,None
4821,None
4826,None
4827,None
4829,None
4842,None
4856,None
4868,None
4872,None
4874,None
4875,None
4884,None
4892,None
4897,None
4903,None
4904,None
4916,None
4925,None
4928,None
4932,None
4934,None
4935,None
4939,None
4941,None
4942,None
4945,None
4949,None
4956,None
4961,None
4965,None
4966,None
4972,None
4977,None
4978,None
4979,None
4981,None
4984,None
4993,None
4996,None
4997,None
5006,None
5007,None
5015,None
5024,None
5032,None
5052,None
5053,None
5068,None
5088,None
5090,None
5093,None
5108,None
5121,None
5129,None
5136,None
5143,None
5148,None
5152,None
5161,None
5162,None
5163,None
5165,None
5176,None
5182,None
5186,None
5197,None
5207,None
5215,None
5227,None
5241,None
5245,None
5248,None
5250,None
5263,None
5275,None
5301,None
5304,None
5312,None
5327,None
5332,None
5337,None
5347,None
5349,None
5350,None
5353,None
5378,None
5388,None
5408,None
5410,None
5417,None
5429,None
5430,None
5431,None
5436,None
5440,None
5441,None
5446,None
5450,None
5452,None
5454,None
5455,None
5470,None
5477,None
5484,None
5489,None
5493,None
5494,None
5501,None
5513,None
5530,None
5532,None
5536,None
5544,None
5546,None
5553,None
5554,None
5555,None
5569,None
5576,None
5577,None
5583,None
5599,None
5602,None
5627,None
5628,None
5635,None
5650,None
5653,None
5654,None
5656,None
5658,None
5665,None
5674,None
5689,None
5694,None
5697,None
5698,None
5711,None
5716,None
5721,None
5734,None
5738,None
5741,None
5756,None
5775,None
5783,None
5786,None
5788,None
5807,None
5809,None
5814,None
5820,None
5826,None
5844,None
5845,None
5852,None
5854,None
5870,None
5871,None
5873,None
5879,None
5882,None
5888,None
5892,None
5899,None
5907,None
5908,None
5916,None
5919,None
5926,None
5929,None
5931,None
5932,None
5939,None
5943,None
5946,None
5948,None
5950,None
5967,None
5999,None
6000,None
6008,None
6032,None
6035,None
6036,None
6040,None
6041,None
6045,None
6059,None
6069,None
6079,None
6080,None
6082,None
6083,None
6097,None
6101,None
6109,None
6116,None
6122,None
6139,None
6144,None
6152,None
6160,None
6164,None
6165,None
6174,None
6175,None
6181,None
6193,None
6196,None
6206,None
6213,None
6227,None
6230,None
6235,None
6238,None
6240,None
6258,None
6260,None
6262,None
6265,None
6266,None
6267,None
6284,None
6302,None
6317,None
6321,None
6327,None
6346,None
6375,None
6376,None
6378,None
6381,None
6383,None
6409,None
6411,None
6425,None
6426,None
6437,None
6443,None
6444,None
6458,None
6469,None
6477,None
6494,None
6502,None
6504,None
6530,None
6560,None
6568,None
6576,None
6595,None
6599,None
6609,None
6611,None
6616,None
6618,None
6627,None
6639,None
6643,None
6644,None
6645,None
6651,None
6668,None
6674,None
6678,None
6680,None
6681,None
6684,None
6687,None
6695,None
6699,None
6700,None
6740,None
6742,None
6744,None
6746,None
6755,None
6757,None
6772,None
6780,None
6795,None
6796,None
6800,None
6802,None
6819,None
6827,None
6829,None
6841,None
6844,None
6848,None
6858,None
6869,None
6877,None
6878,None
6880,None
6881,None
6885,None
6926,None
6929,None
6955,None
6977,None
6997,None
6998,None
7003,None
7012,None
7025,None
7031,None
7046,None
7052,None
7057,None
7061,None
7062,None
7065,None
7082,None
7092,None
7104,None
7112,None
7119,None
7122,None
7138,None
7140,None
7150,None
7176,None
7178,None
7185,None
7188,None
7200,None
7204,None
7207,None
7218,None
7222,None
7225,None
7227,None
7240,None
7251,None
7266,None
7268,None
7270,None
7272,None
7274,None
7293,None
7296,None
7298,None
7311,None
7331,None
7336,None
7342,None
7347,None
7350,None
7352,None
7381,None
7383,None
7392,None
7395,None
7405,None
7411,None
7417,None
7426,None
7433,None
7438,None
7439,None
7447,None
7448,None
7454,None
7465,None
7468,None
7472,None
7473,None
7476,None
7477,None
7488,None
7491,None
7500,None
7503,None
7506,None
7512,None
7513,None
7514,None
7530,None
7533,None
7537,None
7544,None
7547,None
7551,None
7558,None
7560,None
7566,None
7568,None
7574,None
7578,None
7583,None
7586,None
7589,None
7597,None
7598,None
7602,None
7604,None
7617,None
7623,None
7630,None
7642,None
7654,None
7657,None
7658,None
7666,None
7669,None
7670,None
7673,None
7677,None
7689,None
7691,None
7700,None
7705,None
7709,None
7735,None
7739,None
7742,None
7748,None
7749,None
7754,None
7767,None
7774,None
7777,None
7784,None
7803,None
7807,None
7820,None
7830,None
7838,None
7843,None
7844,None
7849,None
7852,None
7853,None
7860,None
7861,None
7889,None
7898,None
7902,None
7906,None
7907,None
7911,None
7914,None
7918,None
7921,None
7932,None
7934,None
7939,None
7940,None
7948,None
7956,None
7957,None
7960,None
7962,None
7963,None
7979,None
7994,None
8008,None
8024,None
8026,None
8031,None
8035,None
8058,None
8067,None
8087,None
8090,None
8102,None
8105,None
8129,None
8135,None
8136,None
8163,None
8165,None
8166,None
8171,None
8177,None
8184,None
8189,None
8192,None
8193,None
8202,None
8233,None
8245,None
8257,None
8258,None
8275,None
8281,None
8293,None
8297,None
8315,None
8317,None
8319,None
8320,None
8326,None
8334,None
8335,None
8345,None
8351,None
8361,None
8366,None
8377,None
8388,None
8397,None
8403,None
8410,None
8418,None
8428,None
8430,None
8433,None
8437,None
8443,None
8448,None
8467,None
8468,None
8478,None
8479,None
8499,None
8505,None
8513,None
8528,None
8535,None
8547,None
8559,None
8563,None
8596,None
8599,None
8604,None
8612,None
8614,None
8618,None
8620,None
8623,None
8624,None
8625,None
8626,None
8650,None
8655,None
8657,None
8664,None
8672,None
8676,None
8680,None
8705,None
8725,None
8734,None
8737,None
8739,None
8744,None
8749,None
8758,None
8759,None
8760,None
8768,None
8777,None
8806,None
8817,None
8821,None
8827,None
8841,None
8859,None
8861,None
8875,None
8890,None
8891,None
8897,None
8910,None
8934,None
8936,None
8940,None
8946,None
8947,None
8962,None
8976,None
8982,None
8989,None
8997,None
9015,None
9018,None
9024,None
9028,None
9030,None
9034,None
9036,None
9046,None
9057,None
9059,None
9071,None
9076,None
9078,None
9082,None
9088,None
9097,None
9099,None
9115,None
9116,None
9130,None
9134,None
9159,None
9162,None
9168,None
9180,None
9181,None
9191,None
9194,None
9195,None
9214,None
9218,None
9223,None
9231,None
9237,None
9242,None
9247,None
9253,None
9264,None
9273,None
9299,None
9320,None
9325,None
9328,None
9343,None
9346,None
9347,None
9369,None
9371,None
9373,None
9385,None
9387,None
9391,None
9394,None
9396,None
9400,None
9410,None
9415,None
9425,None
9427,None
9444,None
9453,None
9457,None
9465,None
9472,None
9476,None
9484,None
9485,None
9486,None
9493,None
9504,None
9507,None
9515,None
9516,None
9518,None
9524,None
9541,None
9549,None
9550,None
9552,None
9560,None
9580,None
9582,None
9596,None
9601,None
9606,None
9615,None
9622,None
9624,None
9625,None
9626,None
9630,None
9632,None
9633,None
9634,None
9667,None
9669,None
9674,None
9677,None
9681,None
9686,None
9687,None
9700,None
9703,None
9705,None
9713,None
9714,None
9725,None
9734,None
9737,None
9742,None
9748,None
9755,None
9762,None
9765,None
9778,None
9788,None
9789,None
9793,None
9794,None
9811,None
9816,None
9827,None
9828,None
9832,None
9833,None
9843,None
9844,None
9853,None
9858,None
9859,None
9862,None
9863,None
9868,None
9893,None
9895,None
9900,None
9918,None
9926,None
9931,None
9935,None
9939,None
9942,None
9959,None
9965,None
9966,None
9977,None
9978,None
9980,None
9985,None
9993,None
9996,None
10007,None
10021,None
10024,None
10035,None
10043,None
10062,None
10070,None
10077,None
10081,None
10091,None
10098,None
10105,None
10127,None
10130,None
10132,None
10152,None
10153,None
10155,None
10164,None
10166,None
10171,None
10182,None
10190,None
10191,None
10195,None
10198,None
10216,None
10228,None
10234,None
10244,None
10251,None
10260,None
10269,None
10270,None
10285,None
10297,None
10310,None
10312,None
10322,None
10323,None
10324,None
10327,None
10330,None
10332,None
10339,None
10357,None
10358,None
10366,None
10384,None
10385,None
10387,None
10388,None
10392,None
10394,None
10401,None
10407,None
10410,None
10426,None
10435,None
10436,None
10439,None
10443,None
10458,None
10473,None
10499,None
10520,None
10556,None
10564,None
10569,None
10573,None
10593,None
10602,None
10612,None
10641,None
10648,None
10650,None
10667,None
10672,None
10673,None
10707,None
10713,None
10715,None
10718,None
10725,None
10727,None
10729,None
10736,None
10753,None
10761,None
10762,None
10771,None
10779,None
10780,None
10787,None
10788,None
10813,None
10817,None
10825,None
10826,None
10845,None
10857,None
10871,None
10881,None
10892,None
10894,None
10897,None
10898,None
10900,None
10903,None
10908,None
10919,None
10923,None
10942,None
10956,None
10958,None
10973,None
10978,None
10979,None
10980,None
10986,None
10991,None
10993,None
10999,None
11015,None
11016,None
11020,None
11036,None
11047,None
11052,None
11059,None
11063,None
11072,None
11073,None
11074,None
11077,None
11079,None
11081,None
11082,None
11083,None
11084,None
11089,None
11090,None
11106,None
11107,None
11110,None
11112,None
11113,None
11114,None
11117,None
11120,None
11143,None
11146,None
11148,None
11151,None
11164,None
11168,None
11172,None
11184,None
11195,None
11198,None
11200,None
11212,None
11224,None
11231,None
11245,None
11246,None
11249,None
11253,None
11254,None
11274,None
11279,None
11280,None
11310,None
11320,None
11323,None
11332,None
11344,None
11347,None
11349,None
11390,None
11396,None
11413,None
11418,None
11423,None
11424,None
11442,None
11444,None
11448,None
11453,None
11454,None
11472,None
11503,None
11518,None
11523,None
11525,None
11533,None
11547,None
11558,None
11561,None
11562,None
11563,None
11567,None
11570,None
11585,None
11591,None
11595,None
11601,None
11608,None
11613,None
11624,None
11628,None
11634,None
11642,None
11672,None
11677,None
11689,None
11699,None
11705,None
11709,None
11714,None
11715,None
11717,None
11718,None
11724,None
11731,None
11739,None
11741,None
11750,None
11752,None
11756,None
11758,None
11759,None
11764,None
11774,None
11789,None
11794,None
11796,None
11800,None
11808,None
11816,None
11825,None
11829,None
11832,None
11842,None
11850,None
11855,None
11873,None
11884,None
11887,None
11904,None
11908,None
11909,None
11910,None
11924,None
11933,None
11942,None
11951,None
11952,None
11956,None
11962,None
11978,None
11982,None
11988,None
11993,None
11996,None
12018,None
12020,None
12038,None
12055,None
12065,None
12070,None
12086,None
12087,None
12111,None
12124,None
12134,None
12146,None
12148,None
12173,None
12190,None
12192,None
12202,None
12204,None
12209,None
12216,None
12224,None
12225,None
12228,None
12231,None
12236,None
12238,None
12250,None
12253,None
12254,None
12263,None
12267,None
12277,None
12291,None
12294,None
12311,None
12319,None
12323,None
12329,None
12331,None
12334,None
12336,None
12383,None
12397,None
12398,None
12402,None
12410,None
12414,None
12421,None
12426,None
12431,None
12441,None
12447,None
12450,None
12451,None
12453,None
12457,None
12464,None
12470,None
12479,None
12492,None
12516,None
12552,None
12558,None
12570,None
12586,None
12590,None
12603,None
12637,None
12639,None
12641,None
12650,None
12669,None
12683,None
12690,None
12698,None
12713,None
12714,None
12717,None
12722,None
12723,None
12748,None
12751,None
12756,None
12779,None
12801,None
12810,None
12815,None
12816,None
12818,None
12823,None
12830,None
12833,None
12838,None
12840,None
12852,None
12856,None
12860,None
12865,None
12872,None
12888,None
12889,None
12906,None
12919,None
12945,None
12952,None
12956,None
12964,None
12971,None
12985,None
12987,None
12989,None
12996,None
12999,None
13005,None
13013,None
13016,None
13019,None
13022,None
13025,None
13026,None
13028,None
13037,None
13038,None
13040,None
13042,None
13061,None
13065,None
13076,None
13078,None
13083,None
13106,None
13111,None
13120,None
13133,None
13143,None
13146,None
13174,None
13176,None
13181,None
13187,None
13192,None
13219,None
13226,None
13232,None
13238,None
13245,None
13264,None
13266,None
13273,None
13274,None
13293,None
13294,None
13317,None
13319,None
13321,None
13327,None
13329,None
13333,None
13338,None
13346,None
13348,None
13349,None
13359,None
13361,None
13369,None
13374,None
13387,None
13394,None
13400,None
13402,None
13414,None
13416,None
13427,None
13433,None
13436,None
13437,None
13444,None
13446,None
13452,None
13472,None
13481,None
13484,None
13492,None
13497,None
13500,None
13510,None
13524,None
13529,None
13530,None
13547,None
13548,None
13549,None
13564,None
13577,None
13579,None
13603,None
13606,None
13608,None
13610,None
13611,None
13626,None
13627,None
13629,None
13641,None
13643,None
13650,None
13660,None
13665,None
13674,None
13677,None
13691,None
13692,None
13694,None
13697,None
13698,None
13700,None
13701,None
13707,None
13717,None
13731,None
13743,None
13745,None
13753,None
13754,None
13779,None
13788,None
13800,None
13801,None
13804,None
13806,None
13807,None
13821,None
13824,None
13825,None
13838,None
13841,None
13845,None
13850,None
13853,None
13856,None
13860,None
13861,None
13864,None
13865,None
13871,None
13880,None
13886,None
13890,None
13894,None
13901,None
13918,None
13921,None
13942,None
13947,None
13949,None
13950,None
13964,None
13971,None
13979,None
13982,None
13986,None
13987,None
13997,None
14003,None
14008,None
14017,None
14029,None
14035,None
14036,None
14049,None
14052,None
14063,None
14064,None
14082,None
14083,None
14086,None
14092,None
14097,None
14122,None
14123,None
14125,None
14126,None
14135,None
14140,None
14151,None
14154,None
14158,None
14165,None
14170,None
14182,None
14198,None
14210,None
14218,None
14224,None
14233,None
14250,None
14251,None
14257,None
14261,None
14265,None
14270,None
14280,None
14281,None
14286,None
14290,None
14292,None
14295,None
14300,None
14314,None
14326,None
14329,None
14332,None
14335,None
14342,None
14344,None
14350,None
14352,None
14369,None
14372,None
14396,None
14397,None
14400,None
14411,None
14422,None
14423,None
14424,None
14425,None
14432,None
14437,None
14452,None
14458,None
14470,None
14476,None
14477,None
14478,None
14491,None
14499,None
14500,None
14507,None
14513,None
14514,None
14518,None
14520,None
14521,None
14523,None
14525,None
14550,None
14559,None
14561,None
14562,None
14575,None
14576,None
14591,None
14593,None
14603,None
14608,None
14613,None
14615,None
14630,None
14649,None
14664,None
14665,None
14666,None
14669,None
14681,None
14706,None
14714,None
14718,None
14720,None
14722,None
14723,None
14728,None
14752,None
14757,None
14758,None
14766,None
14768,None
14775,None
14787,None
14797,None
14808,None
14809,None
14818,None
14829,None
14834,None
14841,None
14843,None
14856,None
14862,None
14871,None
14872,None
14875,None
14880,None
14900,None
14904,None
14906,None
14911,None
14914,None
14916,None
14917,None
14924,None
14932,None
14936,None
14949,None
14955,None
14975,None
14983,None
14984,None
14992,None
15009,None
15013,None
15030,None
15036,None
15038,None
15042,None
15045,None
15048,None
15056,None
15058,None
15059,None
15061,None
15074,None
15086,None
15096,None
15109,None
15118,None
15124,None
15131,None
15143,None
15145,None
15150,None
15152,None
15154,None
15162,None
15163,None
15183,None
15185,None
15197,None
15203,None
15205,None
15215,None
15230,None
15231,None
15232,None
15247,None
15253,None
15260,None
15274,None
15287,None
15289,None
15290,None
15292,None
15305,None
15318,None
15320,None
15324,None
15346,None
15369,None
15379,None
15396,None
15399,None
15411,None
15419,None
15421,None
15422,None
15432,None
15436,None
15440,None
15444,None
15449,None
15459,None
15461,None
15478,None
15481,None
15493,None
15495,None
15498,None
15506,None
15512,None
15520,None
15530,None
15542,None
15572,None
15580,None
15583,None
15584,None
15605,None
15614,None
15633,None
15635,None
15643,None
15651,None
15669,None
15672,None
15679,None
15680,None
15681,None
15684,None
15686,None
15691,None
15710,None
15719,None
15729,None
15750,None
15751,None
15762,None
15763,None
15765,None
15772,None
15783,None
15790,None
15794,None
15795,None
15822,None
15824,None
15832,None
15835,None
15836,None
15839,None
15842,None
15848,None
15850,None
15851,None
15852,None
15878,None
15880,None
15884,None
15893,None
15904,None
15911,None
15919,None
15922,None
15927,None
15947,None
15955,None
15959,None
15968,None
15975,None
15980,None
15988,None
15989,None
15992,None
15993,None
15997,None
16005,None
16012,None
16017,None
16019,None
16035,None
16038,None
16039,None
16051,None
16056,None
16066,None
16072,None
16073,None
16074,None
16085,None
16088,None
16090,None
16092,None
16093,None
16094,None
16112,None
16117,None
16122,None
16124,None
16131,None
16139,None
16141,None
16143,None
16157,None
16160,None
16162,None
16165,None
16174,None
16175,None
16179,None
16181,None
16194,None
16198,None
16221,None
16223,None
16226,None
16230,None
16259,None
16278,None
16282,None
16289,None
16304,None
16309,None
16311,None
16353,None
16363,None
16370,None
16374,None
16377,None
16384,None
16389,None
16403,None
16405,None
16413,None
16417,None
16424,None
16446,None
16450,None
16452,None
16455,None
16495,None
16499,None
16517,None
16523,None
16528,None
16537,None
16542,None
16545,None
16547,None
16548,None
16554,None
16557,None
16571,None
16577,None
16581,None
16613,None
16622,None
16625,None
16628,None
16631,None
16640,None
16657,None
16661,None
16662,None
16665,None
16678,None
16687,None
16699,None
16705,None
16708,None
16725,None
16728,None
16737,None
16741,None
16742,None
16746,None
16752,None
16757,None
16762,None
16768,None
16781,None
16789,None
16792,None
16795,None
16804,None
16806,None
16807,None
16816,None
16846,None
16849,None
16858,None
16864,None
16865,None
16867,None
16869,None
16879,None
16891,None
16896,None
16909,None
16920,None
16926,None
16932,None
16938,None
16948,None
16951,None
16955,None
16956,None
16960,None
16966,None
16972,None
16974,None
16989,None
16991,None
16998,None
17000,None
17021,None
17028,None
17030,None
17037,None
17046,None
17055,None
17076,None
17090,None
17106,None
17110,None
17125,None
17136,None
17153,None
17159,None
17166,None
17167,None
17173,None
17176,None
17187,None
17189,None
17196,None
17197,None
17200,None
17215,None
17218,None
17222,None
17225,None
17234,None
17237,None
17244,None
17246,None
17247,None
17255,None
17256,None
17262,None
17265,None
17267,None
17274,None
17275,None
17278,None
17280,None
17282,None
17284,None
17295,None
17298,None
17302,None
17303,None
17307,None
17310,None
17323,None
17329,None
17332,None
17338,None
17339,None
17345,None
17367,None
17375,None
17376,None
17381,None
17388,None
17391,None
17403,None
17414,None
17445,None
17449,None
17454,None
17463,None
17467,None
17478,None
17481,None
17488,None
17495,None
17508,None
17509,None
17515,None
17517,None
17527,None
17541,None
17550,None
17567,None
17579,None
17583,None
17589,None
17592,None
17599,None
17611,None
17616,None
17640,None
17641,None
17661,None
17662,None
17667,None
17691,None
17697,None
17704,None
17708,None
17716,None
17718,None
17726,None
17727,None
17733,None
17739,None
17741,None
17752,None
17761,None
17767,None
17769,None
17772,None
17783,None
17785,None
17789,None
17792,None
17804,None
17806,None
17808,None
17809,None
17813,None
17814,None
17817,None
17821,None
17822,None
17825,None
17829,None
17843,None
17845,None
17849,None
17894,None
17908,None
17909,None
17916,None
17922,None
17938,None
17939,None
17941,None
17943,None
17951,None
17970,None
17974,None
17977,None
17990,None
18007,None
18009,None
18029,None
18041,None
18048,None
18060,None
18065,None
18075,None
18083,None
18092,None
18095,None
18097,None
18101,None
18106,None
18111,None
18112,None
18114,None
18116,None
18133,None
18134,None
18142,None
18143,None
18149,None
18170,None
18174,None
18180,None
18181,None
18183,None
18194,None
18196,None
18210,None
18212,None
18220,None
18226,None
18237,None
18242,None
18264,None
18284,None
18285,None
18289,None
18290,None
18291,None
18292,None
18301,None
18302,None
18304,None
18307,None
18321,None
18322,None
18325,None
18335,None
18337,None
18350,None
18359,None
18375,None
18378,None
18385,None
18387,None
18389,None
18394,None
18427,None
18431,None
18440,None
18442,None
18444,None
18448,None
18451,None
18454,None
18462,None
18466,None
18492,None
18505,None
18509,None
18511,None
18532,None
18536,None
18539,None
18547,None
18552,None
18558,None
18559,None
18569,None
18576,None
18580,None
18582,None
18583,None
18584,None
18593,None
18630,None
18631,None
18634,None
18643,None
18657,None
18658,None
18659,None
18660,None
18665,None
18669,None
18683,None
18694,None
18700,None
18702,None
18708,None
18713,None
18714,None
18724,None
18725,None
18726,None
18733,None
18743,None
18744,None
18746,None
18749,None
18755,None
18757,None
18764,None
18766,None
18773,None
18777,None
18783,None
18784,None
18789,None
18804,None
18816,None
18817,None
18828,None
18833,None
18847,None
18854,None
18857,None
18872,None
18877,None
18878,None
18879,None
18886,None
18887,None
18908,None
18911,None
18917,None
18920,None
18926,None
18933,None
18936,None
18938,None
18944,None
18945,None
18949,None
18950,None
18954,None
18966,None
18978,None
18987,None
19004,None
19019,None
19026,None
19031,None
19034,None
19038,None
19041,None
19042,None
19048,None
19049,None
19062,None
19068,None
19074,None
19095,None
19097,None
19101,None
19108,None
19112,None
19125,None
19136,None
19163,None
19165,None
19167,None
19177,None
19184,None
19185,None
19195,None
19204,None
19206,None
19214,None
19217,None
19220,None
19223,None
19232,None
19239,None
19242,None
19247,None
19272,None
19283,None
19284,None
19286,None
19288,None
19299,None
19306,None
19330,None
19336,None
19352,None
19355,None
19375,None
19376,None
19377,None
19378,None
19384,None
19387,None
19409,None
19410,None
19418,None
19422,None
19424,None
19430,None
19431,None
19436,None
19439,None
19448,None
19452,None
19470,None
19472,None
19477,None
19480,None
19483,None
19490,None
19498,None
19500,None
19501,None
19504,None
19506,None
19512,None
19514,None
19515,None
19527,None
19537,None
19538,None
19540,None
19542,None
19551,None
19558,None
19560,None
19572,None
19588,None
19592,None
19593,None
19598,None
19621,None
19643,None
19646,None
19654,None
19659,None
19664,None
19674,None
19676,None
19680,None
19687,None
19695,None
19708,None
19718,None
19727,None
19741,None
19745,None
19747,None
19754,None
19755,None
19765,None
19781,None
19784,None
19788,None
19797,None
19815,None
19824,None
19839,None
19848,None
19861,None
19862,None
19868,None
19871,None
19874,None
19877,None
19884,None
19896,None
19901,None
19903,None
19909,None
19931,None
19939,None
19944,None
19961,None
19967,None
19970,None
19975,None
19983,None
19984,None
19991,None
19999,None
20013,None
20019,None
20020,None
20022,None
20023,None
20033,None
20036,None
20040,None
20042,None
20061,None
20073,None
20075,None
20089,None
20100,None
20106,None
20107,None
20118,None
20124,None
20145,None
20148,None
20153,None
20174,None
20188,None
20194,None
20197,None
20198,None
20206,None
20247,None
20254,None
20258,None
20261,None
20285,None
20287,None
20307,None
20310,None
20318,None
20321,None
20328,None
20349,None
20356,None
20367,None
20381,None
20391,None
20394,None
20395,None
20427,None
20432,None
20436,None
20447,None
20452,None
20456,None
20479,None
20495,None
20498,None
20506,None
20522,None
20528,None
20529,None
20545,None
20564,None
20570,None
20577,None
20579,None
20583,None
20588,None
20589,None
20591,None
20594,None
20597,None
20607,None
20609,None
20613,None
20621,None
20628,None
20632,None
20637,None
20639,None
20640,None
20644,None
20656,None
20658,None
20668,None
20692,None
20693,None
20702,None
20704,None
20705,None
20709,None
20722,None
20741,None
20743,None
20752,None
20755,None
20757,None
20764,None
20766,None
20767,None
20768,None
20781,None
20790,None
20791,None
20797,None
20800,None
20827,None
20837,None
20881,None
20883,None
20886,None
20887,None
20896,None
20906,None
20907,None
20912,None
20915,None
20921,None
20934,None
20945,None
20948,None
20951,None
20952,None
20966,None
20974,None
20978,None
20995,None
21000,None
21007,None
21018,None
21031,None
21034,None
21036,None
21040,None
21043,None
21047,None
21058,None
21061,None
21065,None
21068,None
21083,None
21093,None
21095,None
21105,None
21106,None
21111,None
21119,None
21123,None
21127,None
21134,None
21144,None
21154,None
21155,None
21162,None
21171,None
21186,None
21187,None
21192,None
21193,None
21212,None
21229,None
21248,None
21249,None
21255,None
21268,None
21283,None
21284,None
21287,None
21314,None
21320,None
21324,None
21326,None
21327,None
21335,None
21339,None
21346,None
21350,None
21351,None
21356,None
21366,None
21375,None
21389,None
21390,None
21392,None
21394,None
21395,None
21398,None
21404,None
21417,None
21433,None
21434,None
21446,None
21454,None
21463,None
21468,None
21469,None
21470,None
21471,None
21473,None
21484,None
21485,None
21497,None
21508,None
21509,None
21510,None
21513,None
21535,None
21539,None
21540,None
21547,None
21548,None
21550,None
21551,None
21558,None
21561,None
21570,None
21584,None
21589,None
21594,None
21598,None
21612,None
21621,None
21629,None
21631,None
21636,None
21638,None
21644,None
21649,None
21663,None
21671,None
21673,None
21681,None
21703,None
21716,None
21717,None
21718,None
21725,None
21730,None
21752,None
21759,None
21765,None
21775,None
21782,None
21789,None
21794,None
21801,None
21803,None
21806,None
21807,None
21812,None
21826,None
21835,None
21844,None
21849,None
21855,None
21859,None
21862,None
21870,None
21872,None
21876,None
21880,None
21887,None
21900,None
21901,None
21904,None
21908,None
21911,None
21913,None
21915,None
21927,None
21928,None
21931,None
21950,None
21958,None
21959,None
21963,None
21966,None
21974,None
21988,None
21990,None
21993,None
22002,None
22010,None
22027,None
22028,None
22035,None
22039,None
22053,None
22072,None
22075,None
22076,None
22078,None
22079,None
22083,None
22086,None
22091,None
22094,None
22102,None
22105,None
22109,None
22113,None
22124,None
22129,None
22133,None
22141,None
22143,None
22147,None
22154,None
22158,None
22180,None
22186,None
22194,None
22195,None
22199,None
22200,None
22201,None
22216,None
22218,None
22221,None
22224,None
22247,None
22256,None
22263,None
22271,None
22272,None
22274,None
22287,None
22291,None
22293,None
22297,None
22303,None
22332,None
22355,None
22359,None
22361,None
22373,None
22377,None
22382,None
22392,None
22403,None
22404,None
22410,None
22418,None
22432,None
22436,None
22437,None
22451,None
22460,None
22464,None
22465,None
22488,None
22496,None
22511,None
22517,None
22518,None
22523,None
22531,None
22535,None
22540,None
22547,None
22552,None
22557,None
22558,None
22564,None
22567,None
22570,None
22577,None
22584,None
22591,None
22594,None
22614,None
22619,None
22627,None
22633,None
22643,None
22644,None
22669,None
22692,None
22695,None
22704,None
22720,None
22729,None
22745,None
22752,None
22763,None
22768,None
22788,None
22800,None
22803,None
22836,None
22845,None
22846,None
22851,None
22854,None
22855,None
22856,None
22868,None
22882,None
22889,None
22892,None
22893,None
22900,None
22904,None
22905,None
22914,None
22918,None
22922,None
22927,None
22941,None
22950,None
22955,None
22957,None
22974,None
22977,None
22984,None
22987,None
22991,None
23004,None
23019,None
23027,None
23029,None
23032,None
23039,None
23045,None
23050,None
23051,None
23062,None
23072,None
23073,None
23076,None
23083,None
23102,None
23107,None
23112,None
23118,None
23121,None
23134,None
23135,None
23137,None
23144,None
23151,None
23154,None
23158,None
23159,None
23164,None
23179,None
23182,None
23192,None
23193,None
23196,None
23202,None
23213,None
23214,None
23218,None
23219,None
23223,None
23224,None
23240,None
23242,None
23262,None
23265,None
23266,None
23268,None
23282,None
23288,None
23291,None
23299,None
23301,None
23305,None
23312,None
23318,None
23327,None
23328,None
23352,None
23354,None
23362,None
23379,None
23385,None
23390,None
23391,None
23396,None
23404,None
23406,None
23407,None
23424,None
23425,None
23431,None
23434,None
23442,None
23444,None
23447,None
23455,None
23459,None
23473,None
23474,None
23479,None
23480,None
23505,None
23520,None
23521,None
23533,None
23534,None
23554,None
23556,None
23567,None
23576,None
23578,None
23584,None
23592,None
23594,None
23596,None
23599,None
23603,None
23617,None
23632,None
23637,None
23640,None
23641,None
23653,None
23668,None
23669,None
23688,None
23700,None
23702,None
23707,None
23711,None
23722,None
23730,None
23755,None
23763,None
23768,None
23771,None
23777,None
23780,None
23815,None
23816,None
23819,None
23823,None
23826,None
23831,None
23833,None
23834,None
23836,None
23853,None
23860,None
23876,None
23924,None
23931,None
23935,None
23983,None
23994,None
41,Other
236,Other
460,Other
740,Other
806,Other
998,Other
1019,Other
1688,Other
1867,Other
2164,Other
2431,Other
2661,Other
2698,Other
2704,Other
2925,Other
3318,Other
3617,Other
4439,Other
4648,Other
4713,Other
4885,Other
5100,Other
5119,Other
5420,Other
5514,Other
5701,Other
5710,Other
5816,Other
5992,Other
6030,Other
6359,Other
7042,Other
7085,Other
7184,Other
7292,Other
7804,Other
7813,Other
7882,Other
8037,Other
8055,Other
8187,Other
8312,Other
9451,Other
9698,Other
9743,Other
9785,Other
10199,Other
10389,Other
10588,Other
10664,Other
10893,Other
11027,Other
11259,Other
11411,Other
11616,Other
11733,Other
11775,Other
11928,Other
12015,Other
12127,Other
12448,Other
12518,Other
12778,Other
12782,Other
13077,Other
13085,Other
13290,Other
13786,Other
13847,Other
13927,Other
14073,Other
14104,Other
14249,Other
14315,Other
14627,Other
14750,Other
14789,Other
14930,Other
15017,Other
15080,Other
15144,Other
15591,Other
15829,Other
15867,Other
15938,Other
16260,Other
16469,Other
16494,Other
16798,Other
17040,Other
17122,Other
17141,Other
17644,Other
17698,Other
18235,Other
18467,Other
18502,Other
19027,Other
19087,Other
19296,Other
19468,Other
19641,Other
19946,Other
20102,Other
20246,Other
20867,Other
20871,Other
21073,Other
21170,Other
21203,Other
21381,Other
21422,Other
21430,Other
21435,Other
21512,Other
21602,Other
21609,Other
21658,Other
21773,Other
22080,Other
22116,Other
22450,Other
22515,Other
22667,Other
22711,Other
23057,Other
23437,Other
23511,Other
23817,Other
