ID,Hardware ML
3, GPUs 
13, GPUs 
16, GPUs 
18, GPUs 
25, GPUs 
29, GPUs 
32, GPUs 
35, GPUs 
43, GPUs 
48, GPUs 
57, GPUs 
75, GPUs 
81, GPUs 
83, GPUs 
102, GPUs 
110, GPUs 
114, GPUs 
123, GPUs 
127, GPUs 
135, GPUs 
160, GPUs 
164, GPUs 
184, GPUs 
185, GPUs 
200, GPUs 
207, GPUs 
219, GPUs 
236, GPUs 
237, GPUs 
240, GPUs 
244, GPUs 
254, GPUs 
257, GPUs 
261, GPUs 
271, GPUs 
273, GPUs 
328, GPUs 
336, GPUs 
340, GPUs 
341, GPUs 
347, GPUs 
350, GPUs 
366, GPUs 
370, GPUs 
378, GPUs 
391, GPUs 
394, GPUs 
399, GPUs 
402, GPUs 
406, GPUs 
407, GPUs 
415, GPUs 
420, GPUs 
425, GPUs 
433, GPUs 
440, GPUs 
448, GPUs 
449, GPUs 
450, GPUs 
470, GPUs 
477, GPUs 
481, GPUs 
483, GPUs 
513, GPUs 
554, GPUs 
557, GPUs 
558, GPUs 
568, GPUs 
582, GPUs 
593, GPUs 
616, GPUs 
617, GPUs 
618, GPUs 
623, GPUs 
626, GPUs 
632, GPUs 
633, GPUs 
634, GPUs 
643, GPUs 
644, GPUs 
687, GPUs 
705, GPUs 
706, GPUs 
725, GPUs 
726, GPUs 
733, GPUs 
740, GPUs 
742, GPUs 
753, GPUs 
755, GPUs 
770, GPUs 
772, GPUs 
774, GPUs 
776, GPUs 
778, GPUs 
781, GPUs 
786, GPUs 
787, GPUs 
791, GPUs 
797, GPUs 
806, GPUs 
820, GPUs 
826, GPUs 
835, GPUs 
836, GPUs 
843, GPUs 
851, GPUs 
856, GPUs 
866, GPUs 
867, GPUs 
875, GPUs 
886, GPUs 
899, GPUs 
928, GPUs 
932, GPUs 
935, GPUs 
945, GPUs 
952, GPUs 
954, GPUs 
959, GPUs 
962, GPUs 
963, GPUs 
979, GPUs 
993, GPUs 
998, GPUs 
1014, GPUs 
1019, GPUs 
1031, GPUs 
1034, GPUs 
1043, GPUs 
1045, GPUs 
1059, GPUs 
1060, GPUs 
1063, GPUs 
1073, GPUs 
1090, GPUs 
1098, GPUs 
1129, GPUs 
1136, GPUs 
1146, GPUs 
1151, GPUs 
1173, GPUs 
1176, GPUs 
1189, GPUs 
1197, GPUs 
1262, GPUs 
1267, GPUs 
1271, GPUs 
1277, GPUs 
1281, GPUs 
1293, GPUs 
1303, GPUs 
1305, GPUs 
1308, GPUs 
1321, GPUs 
1329, GPUs 
1333, GPUs 
1336, GPUs 
1348, GPUs 
1354, GPUs 
1358, GPUs 
1382, GPUs 
1390, GPUs 
1392, GPUs 
1405, GPUs 
1412, GPUs 
1421, GPUs 
1422, GPUs 
1427, GPUs 
1461, GPUs 
1469, GPUs 
1470, GPUs 
1484, GPUs 
1517, GPUs 
1528, GPUs 
1548, GPUs 
1554, GPUs 
1556, GPUs 
1557, GPUs 
1570, GPUs 
1595, GPUs 
1618, GPUs 
1620, GPUs 
1621, GPUs 
1639, GPUs 
1641, GPUs 
1654, GPUs 
1669, GPUs 
1670, GPUs 
1677, GPUs 
1688, GPUs 
1689, GPUs 
1697, GPUs 
1716, GPUs 
1731, GPUs 
1735, GPUs 
1746, GPUs 
1747, GPUs 
1750, GPUs 
1757, GPUs 
1764, GPUs 
1774, GPUs 
1790, GPUs 
1801, GPUs 
1802, GPUs 
1806, GPUs 
1810, GPUs 
1815, GPUs 
1818, GPUs 
1824, GPUs 
1837, GPUs 
1848, GPUs 
1862, GPUs 
1864, GPUs 
1867, GPUs 
1882, GPUs 
1883, GPUs 
1884, GPUs 
1888, GPUs 
1890, GPUs 
1901, GPUs 
1915, GPUs 
1921, GPUs 
1922, GPUs 
1923, GPUs 
1926, GPUs 
1971, GPUs 
1973, GPUs 
1978, GPUs 
1983, GPUs 
1985, GPUs 
1989, GPUs 
1991, GPUs 
2026, GPUs 
2029, GPUs 
2031, GPUs 
2035, GPUs 
2039, GPUs 
2054, GPUs 
2062, GPUs 
2067, GPUs 
2076, GPUs 
2090, GPUs 
2095, GPUs 
2096, GPUs 
2099, GPUs 
2108, GPUs 
2111, GPUs 
2149, GPUs 
2155, GPUs 
2157, GPUs 
2161, GPUs 
2169, GPUs 
2170, GPUs 
2176, GPUs 
2186, GPUs 
2206, GPUs 
2218, GPUs 
2249, GPUs 
2250, GPUs 
2258, GPUs 
2272, GPUs 
2275, GPUs 
2276, GPUs 
2281, GPUs 
2284, GPUs 
2294, GPUs 
2314, GPUs 
2318, GPUs 
2320, GPUs 
2346, GPUs 
2356, GPUs 
2371, GPUs 
2372, GPUs 
2380, GPUs 
2383, GPUs 
2395, GPUs 
2421, GPUs 
2426, GPUs 
2431, GPUs 
2458, GPUs 
2459, GPUs 
2463, GPUs 
2465, GPUs 
2482, GPUs 
2517, GPUs 
2520, GPUs 
2526, GPUs 
2539, GPUs 
2542, GPUs 
2565, GPUs 
2569, GPUs 
2570, GPUs 
2572, GPUs 
2574, GPUs 
2583, GPUs 
2587, GPUs 
2589, GPUs 
2593, GPUs 
2615, GPUs 
2617, GPUs 
2619, GPUs 
2620, GPUs 
2650, GPUs 
2654, GPUs 
2661, GPUs 
2683, GPUs 
2704, GPUs 
2706, GPUs 
2717, GPUs 
2719, GPUs 
2745, GPUs 
2748, GPUs 
2749, GPUs 
2770, GPUs 
2781, GPUs 
2788, GPUs 
2805, GPUs 
2809, GPUs 
2817, GPUs 
2818, GPUs 
2824, GPUs 
2827, GPUs 
2836, GPUs 
2838, GPUs 
2855, GPUs 
2857, GPUs 
2887, GPUs 
2890, GPUs 
2891, GPUs 
2894, GPUs 
2904, GPUs 
2907, GPUs 
2923, GPUs 
2924, GPUs 
2925, GPUs 
2933, GPUs 
2958, GPUs 
2961, GPUs 
2965, GPUs 
2969, GPUs 
2997, GPUs 
3007, GPUs 
3008, GPUs 
3012, GPUs 
3047, GPUs 
3068, GPUs 
3097, GPUs 
3101, GPUs 
3120, GPUs 
3130, GPUs 
3134, GPUs 
3161, GPUs 
3168, GPUs 
3170, GPUs 
3185, GPUs 
3186, GPUs 
3190, GPUs 
3191, GPUs 
3196, GPUs 
3205, GPUs 
3209, GPUs 
3217, GPUs 
3223, GPUs 
3224, GPUs 
3225, GPUs 
3232, GPUs 
3235, GPUs 
3244, GPUs 
3245, GPUs 
3246, GPUs 
3257, GPUs 
3285, GPUs 
3286, GPUs 
3288, GPUs 
3294, GPUs 
3299, GPUs 
3309, GPUs 
3312, GPUs 
3318, GPUs 
3323, GPUs 
3325, GPUs 
3327, GPUs 
3342, GPUs 
3345, GPUs 
3357, GPUs 
3365, GPUs 
3370, GPUs 
3375, GPUs 
3377, GPUs 
3399, GPUs 
3406, GPUs 
3408, GPUs 
3409, GPUs 
3465, GPUs 
3469, GPUs 
3480, GPUs 
3485, GPUs 
3499, GPUs 
3504, GPUs 
3511, GPUs 
3513, GPUs 
3519, GPUs 
3520, GPUs 
3522, GPUs 
3532, GPUs 
3542, GPUs 
3549, GPUs 
3569, GPUs 
3572, GPUs 
3595, GPUs 
3600, GPUs 
3601, GPUs 
3603, GPUs 
3616, GPUs 
3617, GPUs 
3618, GPUs 
3632, GPUs 
3637, GPUs 
3638, GPUs 
3642, GPUs 
3645, GPUs 
3657, GPUs 
3682, GPUs 
3687, GPUs 
3701, GPUs 
3725, GPUs 
3727, GPUs 
3739, GPUs 
3751, GPUs 
3756, GPUs 
3779, GPUs 
3798, GPUs 
3804, GPUs 
3820, GPUs 
3824, GPUs 
3829, GPUs 
3831, GPUs 
3854, GPUs 
3855, GPUs 
3863, GPUs 
3870, GPUs 
3887, GPUs 
3889, GPUs 
3890, GPUs 
3907, GPUs 
3936, GPUs 
3955, GPUs 
3957, GPUs 
3964, GPUs 
3966, GPUs 
3981, GPUs 
3984, GPUs 
3987, GPUs 
3991, GPUs 
4010, GPUs 
4026, GPUs 
4030, GPUs 
4046, GPUs 
4059, GPUs 
4065, GPUs 
4069, GPUs 
4076, GPUs 
4077, GPUs 
4096, GPUs 
4116, GPUs 
4130, GPUs 
4141, GPUs 
4154, GPUs 
4156, GPUs 
4158, GPUs 
4167, GPUs 
4197, GPUs 
4236, GPUs 
4251, GPUs 
4269, GPUs 
4289, GPUs 
4295, GPUs 
4298, GPUs 
4301, GPUs 
4319, GPUs 
4322, GPUs 
4325, GPUs 
4332, GPUs 
4333, GPUs 
4349, GPUs 
4354, GPUs 
4363, GPUs 
4372, GPUs 
4390, GPUs 
4408, GPUs 
4412, GPUs 
4423, GPUs 
4429, GPUs 
4431, GPUs 
4439, GPUs 
4440, GPUs 
4442, GPUs 
4466, GPUs 
4474, GPUs 
4477, GPUs 
4483, GPUs 
4489, GPUs 
4515, GPUs 
4524, GPUs 
4529, GPUs 
4546, GPUs 
4572, GPUs 
4577, GPUs 
4583, GPUs 
4587, GPUs 
4588, GPUs 
4590, GPUs 
4597, GPUs 
4598, GPUs 
4600, GPUs 
4602, GPUs 
4606, GPUs 
4612, GPUs 
4614, GPUs 
4623, GPUs 
4632, GPUs 
4641, GPUs 
4643, GPUs 
4647, GPUs 
4657, GPUs 
4669, GPUs 
4688, GPUs 
4703, GPUs 
4734, GPUs 
4745, GPUs 
4746, GPUs 
4747, GPUs 
4760, GPUs 
4766, GPUs 
4775, GPUs 
4783, GPUs 
4806, GPUs 
4827, GPUs 
4835, GPUs 
4842, GPUs 
4848, GPUs 
4849, GPUs 
4863, GPUs 
4884, GPUs 
4885, GPUs 
4892, GPUs 
4903, GPUs 
4904, GPUs 
4912, GPUs 
4916, GPUs 
4928, GPUs 
4932, GPUs 
4934, GPUs 
4937, GPUs 
4941, GPUs 
4942, GPUs 
4945, GPUs 
4951, GPUs 
4972, GPUs 
4977, GPUs 
4978, GPUs 
4979, GPUs 
4981, GPUs 
4984, GPUs 
4986, GPUs 
4996, GPUs 
4997, GPUs 
5015, GPUs 
5022, GPUs 
5024, GPUs 
5032, GPUs 
5052, GPUs 
5056, GPUs 
5065, GPUs 
5070, GPUs 
5078, GPUs 
5094, GPUs 
5100, GPUs 
5119, GPUs 
5121, GPUs 
5129, GPUs 
5148, GPUs 
5152, GPUs 
5161, GPUs 
5163, GPUs 
5179, GPUs 
5182, GPUs 
5194, GPUs 
5207, GPUs 
5208, GPUs 
5212, GPUs 
5214, GPUs 
5215, GPUs 
5218, GPUs 
5227, GPUs 
5228, GPUs 
5245, GPUs 
5248, GPUs 
5250, GPUs 
5254, GPUs 
5260, GPUs 
5263, GPUs 
5289, GPUs 
5294, GPUs 
5301, GPUs 
5304, GPUs 
5324, GPUs 
5332, GPUs 
5350, GPUs 
5353, GPUs 
5357, GPUs 
5378, GPUs 
5388, GPUs 
5400, GPUs 
5408, GPUs 
5410, GPUs 
5420, GPUs 
5431, GPUs 
5437, GPUs 
5441, GPUs 
5450, GPUs 
5452, GPUs 
5470, GPUs 
5493, GPUs 
5501, GPUs 
5514, GPUs 
5536, GPUs 
5546, GPUs 
5554, GPUs 
5555, GPUs 
5570, GPUs 
5576, GPUs 
5577, GPUs 
5602, GPUs 
5624, GPUs 
5635, GPUs 
5650, GPUs 
5652, GPUs 
5654, GPUs 
5665, GPUs 
5690, GPUs 
5701, GPUs 
5708, GPUs 
5710, GPUs 
5715, GPUs 
5716, GPUs 
5731, GPUs 
5738, GPUs 
5741, GPUs 
5743, GPUs 
5748, GPUs 
5749, GPUs 
5775, GPUs 
5782, GPUs 
5783, GPUs 
5788, GPUs 
5797, GPUs 
5807, GPUs 
5809, GPUs 
5814, GPUs 
5820, GPUs 
5825, GPUs 
5826, GPUs 
5853, GPUs 
5854, GPUs 
5882, GPUs 
5892, GPUs 
5916, GPUs 
5919, GPUs 
5921, GPUs 
5929, GPUs 
5932, GPUs 
5938, GPUs 
5941, GPUs 
5943, GPUs 
5946, GPUs 
5948, GPUs 
5960, GPUs 
5969, GPUs 
5975, GPUs 
5989, GPUs 
5992, GPUs 
5997, GPUs 
5999, GPUs 
6000, GPUs 
6002, GPUs 
6008, GPUs 
6024, GPUs 
6044, GPUs 
6070, GPUs 
6079, GPUs 
6080, GPUs 
6097, GPUs 
6102, GPUs 
6109, GPUs 
6116, GPUs 
6122, GPUs 
6139, GPUs 
6144, GPUs 
6152, GPUs 
6164, GPUs 
6165, GPUs 
6174, GPUs 
6193, GPUs 
6196, GPUs 
6213, GPUs 
6227, GPUs 
6249, GPUs 
6258, GPUs 
6260, GPUs 
6265, GPUs 
6269, GPUs 
6275, GPUs 
6276, GPUs 
6299, GPUs 
6302, GPUs 
6317, GPUs 
6321, GPUs 
6327, GPUs 
6346, GPUs 
6352, GPUs 
6359, GPUs 
6375, GPUs 
6409, GPUs 
6411, GPUs 
6447, GPUs 
6469, GPUs 
6474, GPUs 
6494, GPUs 
6496, GPUs 
6497, GPUs 
6502, GPUs 
6504, GPUs 
6533, GPUs 
6554, GPUs 
6560, GPUs 
6572, GPUs 
6576, GPUs 
6586, GPUs 
6588, GPUs 
6599, GPUs 
6600, GPUs 
6609, GPUs 
6616, GPUs 
6618, GPUs 
6620, GPUs 
6642, GPUs 
6644, GPUs 
6645, GPUs 
6668, GPUs 
6674, GPUs 
6687, GPUs 
6693, GPUs 
6695, GPUs 
6700, GPUs 
6717, GPUs 
6731, GPUs 
6733, GPUs 
6740, GPUs 
6755, GPUs 
6772, GPUs 
6780, GPUs 
6800, GPUs 
6802, GPUs 
6819, GPUs 
6836, GPUs 
6841, GPUs 
6848, GPUs 
6877, GPUs 
6881, GPUs 
6892, GPUs 
6897, GPUs 
6919, GPUs 
6929, GPUs 
6932, GPUs 
6950, GPUs 
6955, GPUs 
6966, GPUs 
6997, GPUs 
6998, GPUs 
7003, GPUs 
7009, GPUs 
7012, GPUs 
7025, GPUs 
7037, GPUs 
7052, GPUs 
7058, GPUs 
7060, GPUs 
7071, GPUs 
7085, GPUs 
7112, GPUs 
7118, GPUs 
7122, GPUs 
7138, GPUs 
7140, GPUs 
7150, GPUs 
7152, GPUs 
7162, GPUs 
7171, GPUs 
7176, GPUs 
7178, GPUs 
7184, GPUs 
7196, GPUs 
7198, GPUs 
7200, GPUs 
7207, GPUs 
7209, GPUs 
7218, GPUs 
7225, GPUs 
7226, GPUs 
7227, GPUs 
7230, GPUs 
7240, GPUs 
7248, GPUs 
7266, GPUs 
7267, GPUs 
7270, GPUs 
7272, GPUs 
7298, GPUs 
7311, GPUs 
7342, GPUs 
7348, GPUs 
7350, GPUs 
7352, GPUs 
7383, GPUs 
7388, GPUs 
7392, GPUs 
7395, GPUs 
7405, GPUs 
7411, GPUs 
7418, GPUs 
7420, GPUs 
7433, GPUs 
7438, GPUs 
7439, GPUs 
7443, GPUs 
7454, GPUs 
7459, GPUs 
7468, GPUs 
7483, GPUs 
7512, GPUs 
7513, GPUs 
7514, GPUs 
7530, GPUs 
7533, GPUs 
7544, GPUs 
7578, GPUs 
7580, GPUs 
7582, GPUs 
7583, GPUs 
7598, GPUs 
7602, GPUs 
7604, GPUs 
7613, GPUs 
7623, GPUs 
7628, GPUs 
7642, GPUs 
7666, GPUs 
7670, GPUs 
7677, GPUs 
7689, GPUs 
7691, GPUs 
7697, GPUs 
7700, GPUs 
7709, GPUs 
7725, GPUs 
7739, GPUs 
7754, GPUs 
7757, GPUs 
7767, GPUs 
7770, GPUs 
7777, GPUs 
7786, GPUs 
7804, GPUs 
7808, GPUs 
7820, GPUs 
7828, GPUs 
7830, GPUs 
7838, GPUs 
7843, GPUs 
7844, GPUs 
7848, GPUs 
7849, GPUs 
7852, GPUs 
7880, GPUs 
7882, GPUs 
7890, GPUs 
7898, GPUs 
7906, GPUs 
7908, GPUs 
7914, GPUs 
7918, GPUs 
7921, GPUs 
7932, GPUs 
7939, GPUs 
7948, GPUs 
7951, GPUs 
7952, GPUs 
7957, GPUs 
7960, GPUs 
7963, GPUs 
7979, GPUs 
7986, GPUs 
7990, GPUs 
8013, GPUs 
8024, GPUs 
8026, GPUs 
8031, GPUs 
8033, GPUs 
8049, GPUs 
8055, GPUs 
8059, GPUs 
8060, GPUs 
8084, GPUs 
8087, GPUs 
8092, GPUs 
8105, GPUs 
8106, GPUs 
8115, GPUs 
8129, GPUs 
8135, GPUs 
8136, GPUs 
8141, GPUs 
8155, GPUs 
8165, GPUs 
8171, GPUs 
8177, GPUs 
8184, GPUs 
8189, GPUs 
8192, GPUs 
8193, GPUs 
8202, GPUs 
8227, GPUs 
8233, GPUs 
8237, GPUs 
8238, GPUs 
8256, GPUs 
8257, GPUs 
8272, GPUs 
8275, GPUs 
8293, GPUs 
8300, GPUs 
8319, GPUs 
8329, GPUs 
8331, GPUs 
8334, GPUs 
8335, GPUs 
8351, GPUs 
8362, GPUs 
8366, GPUs 
8373, GPUs 
8377, GPUs 
8388, GPUs 
8403, GPUs 
8430, GPUs 
8433, GPUs 
8437, GPUs 
8453, GPUs 
8467, GPUs 
8468, GPUs 
8479, GPUs 
8505, GPUs 
8513, GPUs 
8532, GPUs 
8542, GPUs 
8549, GPUs 
8559, GPUs 
8563, GPUs 
8568, GPUs 
8585, GPUs 
8599, GPUs 
8607, GPUs 
8612, GPUs 
8620, GPUs 
8623, GPUs 
8624, GPUs 
8625, GPUs 
8628, GPUs 
8656, GPUs 
8664, GPUs 
8671, GPUs 
8672, GPUs 
8687, GPUs 
8699, GPUs 
8705, GPUs 
8706, GPUs 
8724, GPUs 
8737, GPUs 
8739, GPUs 
8744, GPUs 
8749, GPUs 
8750, GPUs 
8759, GPUs 
8768, GPUs 
8777, GPUs 
8783, GPUs 
8796, GPUs 
8805, GPUs 
8817, GPUs 
8821, GPUs 
8824, GPUs 
8827, GPUs 
8837, GPUs 
8844, GPUs 
8856, GPUs 
8860, GPUs 
8861, GPUs 
8875, GPUs 
8877, GPUs 
8890, GPUs 
8893, GPUs 
8896, GPUs 
8901, GPUs 
8910, GPUs 
8938, GPUs 
8946, GPUs 
8947, GPUs 
8965, GPUs 
8982, GPUs 
8988, GPUs 
8997, GPUs 
9015, GPUs 
9018, GPUs 
9024, GPUs 
9034, GPUs 
9038, GPUs 
9057, GPUs 
9059, GPUs 
9072, GPUs 
9076, GPUs 
9082, GPUs 
9085, GPUs 
9092, GPUs 
9097, GPUs 
9113, GPUs 
9147, GPUs 
9159, GPUs 
9161, GPUs 
9163, GPUs 
9191, GPUs 
9218, GPUs 
9223, GPUs 
9237, GPUs 
9242, GPUs 
9245, GPUs 
9247, GPUs 
9264, GPUs 
9273, GPUs 
9287, GPUs 
9297, GPUs 
9299, GPUs 
9301, GPUs 
9316, GPUs 
9325, GPUs 
9328, GPUs 
9336, GPUs 
9347, GPUs 
9371, GPUs 
9383, GPUs 
9385, GPUs 
9415, GPUs 
9426, GPUs 
9437, GPUs 
9444, GPUs 
9453, GPUs 
9454, GPUs 
9457, GPUs 
9467, GPUs 
9472, GPUs 
9476, GPUs 
9484, GPUs 
9485, GPUs 
9516, GPUs 
9534, GPUs 
9549, GPUs 
9552, GPUs 
9560, GPUs 
9580, GPUs 
9601, GPUs 
9615, GPUs 
9622, GPUs 
9625, GPUs 
9626, GPUs 
9632, GPUs 
9633, GPUs 
9634, GPUs 
9642, GPUs 
9667, GPUs 
9669, GPUs 
9674, GPUs 
9677, GPUs 
9681, GPUs 
9686, GPUs 
9687, GPUs 
9700, GPUs 
9703, GPUs 
9714, GPUs 
9725, GPUs 
9731, GPUs 
9737, GPUs 
9742, GPUs 
9748, GPUs 
9750, GPUs 
9759, GPUs 
9762, GPUs 
9764, GPUs 
9777, GPUs 
9778, GPUs 
9788, GPUs 
9789, GPUs 
9793, GPUs 
9810, GPUs 
9811, GPUs 
9824, GPUs 
9827, GPUs 
9828, GPUs 
9832, GPUs 
9858, GPUs 
9861, GPUs 
9862, GPUs 
9863, GPUs 
9868, GPUs 
9873, GPUs 
9900, GPUs 
9918, GPUs 
9926, GPUs 
9931, GPUs 
9935, GPUs 
9952, GPUs 
9955, GPUs 
9959, GPUs 
9960, GPUs 
9966, GPUs 
9977, GPUs 
9978, GPUs 
9980, GPUs 
9993, GPUs 
9996, GPUs 
10016, GPUs 
10021, GPUs 
10043, GPUs 
10052, GPUs 
10060, GPUs 
10081, GPUs 
10098, GPUs 
10105, GPUs 
10108, GPUs 
10117, GPUs 
10166, GPUs 
10170, GPUs 
10171, GPUs 
10174, GPUs 
10176, GPUs 
10190, GPUs 
10191, GPUs 
10196, GPUs 
10198, GPUs 
10209, GPUs 
10234, GPUs 
10239, GPUs 
10242, GPUs 
10244, GPUs 
10257, GPUs 
10260, GPUs 
10263, GPUs 
10270, GPUs 
10272, GPUs 
10292, GPUs 
10322, GPUs 
10323, GPUs 
10355, GPUs 
10357, GPUs 
10358, GPUs 
10384, GPUs 
10385, GPUs 
10387, GPUs 
10389, GPUs 
10392, GPUs 
10394, GPUs 
10401, GPUs 
10410, GPUs 
10427, GPUs 
10434, GPUs 
10435, GPUs 
10436, GPUs 
10443, GPUs 
10450, GPUs 
10453, GPUs 
10480, GPUs 
10499, GPUs 
10541, GPUs 
10555, GPUs 
10558, GPUs 
10564, GPUs 
10573, GPUs 
10585, GPUs 
10588, GPUs 
10593, GPUs 
10612, GPUs 
10615, GPUs 
10641, GPUs 
10648, GPUs 
10650, GPUs 
10671, GPUs 
10672, GPUs 
10674, GPUs 
10679, GPUs 
10692, GPUs 
10697, GPUs 
10715, GPUs 
10729, GPUs 
10736, GPUs 
10743, GPUs 
10753, GPUs 
10761, GPUs 
10771, GPUs 
10777, GPUs 
10779, GPUs 
10787, GPUs 
10789, GPUs 
10791, GPUs 
10809, GPUs 
10813, GPUs 
10817, GPUs 
10825, GPUs 
10826, GPUs 
10828, GPUs 
10844, GPUs 
10845, GPUs 
10869, GPUs 
10878, GPUs 
10881, GPUs 
10892, GPUs 
10898, GPUs 
10905, GPUs 
10908, GPUs 
10919, GPUs 
10933, GPUs 
10946, GPUs 
10957, GPUs 
10958, GPUs 
10971, GPUs 
10973, GPUs 
10978, GPUs 
10980, GPUs 
10986, GPUs 
10991, GPUs 
10999, GPUs 
11015, GPUs 
11036, GPUs 
11047, GPUs 
11059, GPUs 
11081, GPUs 
11083, GPUs 
11106, GPUs 
11107, GPUs 
11112, GPUs 
11113, GPUs 
11114, GPUs 
11117, GPUs 
11121, GPUs 
11143, GPUs 
11146, GPUs 
11148, GPUs 
11162, GPUs 
11164, GPUs 
11167, GPUs 
11168, GPUs 
11184, GPUs 
11189, GPUs 
11190, GPUs 
11197, GPUs 
11198, GPUs 
11200, GPUs 
11212, GPUs 
11215, GPUs 
11222, GPUs 
11224, GPUs 
11231, GPUs 
11236, GPUs 
11245, GPUs 
11246, GPUs 
11249, GPUs 
11266, GPUs 
11280, GPUs 
11282, GPUs 
11296, GPUs 
11320, GPUs 
11323, GPUs 
11332, GPUs 
11344, GPUs 
11347, GPUs 
11374, GPUs 
11386, GPUs 
11396, GPUs 
11408, GPUs 
11418, GPUs 
11423, GPUs 
11424, GPUs 
11438, GPUs 
11440, GPUs 
11448, GPUs 
11470, GPUs 
11472, GPUs 
11503, GPUs 
11504, GPUs 
11518, GPUs 
11521, GPUs 
11523, GPUs 
11525, GPUs 
11553, GPUs 
11558, GPUs 
11561, GPUs 
11562, GPUs 
11567, GPUs 
11585, GPUs 
11595, GPUs 
11600, GPUs 
11613, GPUs 
11616, GPUs 
11624, GPUs 
11678, GPUs 
11699, GPUs 
11717, GPUs 
11718, GPUs 
11724, GPUs 
11728, GPUs 
11733, GPUs 
11741, GPUs 
11749, GPUs 
11751, GPUs 
11752, GPUs 
11756, GPUs 
11758, GPUs 
11759, GPUs 
11767, GPUs 
11774, GPUs 
11799, GPUs 
11801, GPUs 
11804, GPUs 
11816, GPUs 
11820, GPUs 
11826, GPUs 
11842, GPUs 
11850, GPUs 
11855, GPUs 
11884, GPUs 
11901, GPUs 
11906, GPUs 
11908, GPUs 
11924, GPUs 
11928, GPUs 
11933, GPUs 
11942, GPUs 
11951, GPUs 
11956, GPUs 
11978, GPUs 
11985, GPUs 
12013, GPUs 
12015, GPUs 
12018, GPUs 
12020, GPUs 
12032, GPUs 
12061, GPUs 
12070, GPUs 
12072, GPUs 
12086, GPUs 
12087, GPUs 
12111, GPUs 
12124, GPUs 
12132, GPUs 
12134, GPUs 
12148, GPUs 
12163, GPUs 
12176, GPUs 
12181, GPUs 
12183, GPUs 
12192, GPUs 
12212, GPUs 
12216, GPUs 
12224, GPUs 
12228, GPUs 
12236, GPUs 
12238, GPUs 
12249, GPUs 
12254, GPUs 
12285, GPUs 
12291, GPUs 
12294, GPUs 
12319, GPUs 
12323, GPUs 
12331, GPUs 
12335, GPUs 
12336, GPUs 
12349, GPUs 
12355, GPUs 
12357, GPUs 
12397, GPUs 
12398, GPUs 
12414, GPUs 
12426, GPUs 
12431, GPUs 
12434, GPUs 
12447, GPUs 
12448, GPUs 
12450, GPUs 
12453, GPUs 
12461, GPUs 
12464, GPUs 
12470, GPUs 
12492, GPUs 
12510, GPUs 
12516, GPUs 
12518, GPUs 
12536, GPUs 
12552, GPUs 
12558, GPUs 
12570, GPUs 
12603, GPUs 
12611, GPUs 
12637, GPUs 
12638, GPUs 
12639, GPUs 
12650, GPUs 
12659, GPUs 
12669, GPUs 
12675, GPUs 
12683, GPUs 
12698, GPUs 
12713, GPUs 
12717, GPUs 
12722, GPUs 
12748, GPUs 
12756, GPUs 
12768, GPUs 
12778, GPUs 
12779, GPUs 
12784, GPUs 
12803, GPUs 
12807, GPUs 
12815, GPUs 
12816, GPUs 
12818, GPUs 
12819, GPUs 
12833, GPUs 
12860, GPUs 
12889, GPUs 
12895, GPUs 
12906, GPUs 
12908, GPUs 
12947, GPUs 
12952, GPUs 
12956, GPUs 
12962, GPUs 
12987, GPUs 
12991, GPUs 
12996, GPUs 
12999, GPUs 
13005, GPUs 
13013, GPUs 
13016, GPUs 
13018, GPUs 
13019, GPUs 
13025, GPUs 
13028, GPUs 
13038, GPUs 
13042, GPUs 
13053, GPUs 
13061, GPUs 
13076, GPUs 
13078, GPUs 
13085, GPUs 
13106, GPUs 
13111, GPUs 
13133, GPUs 
13137, GPUs 
13143, GPUs 
13165, GPUs 
13176, GPUs 
13181, GPUs 
13187, GPUs 
13195, GPUs 
13205, GPUs 
13208, GPUs 
13215, GPUs 
13219, GPUs 
13232, GPUs 
13242, GPUs 
13243, GPUs 
13245, GPUs 
13264, GPUs 
13266, GPUs 
13273, GPUs 
13278, GPUs 
13280, GPUs 
13283, GPUs 
13290, GPUs 
13311, GPUs 
13319, GPUs 
13327, GPUs 
13333, GPUs 
13346, GPUs 
13348, GPUs 
13349, GPUs 
13359, GPUs 
13374, GPUs 
13387, GPUs 
13400, GPUs 
13416, GPUs 
13427, GPUs 
13429, GPUs 
13433, GPUs 
13436, GPUs 
13444, GPUs 
13475, GPUs 
13481, GPUs 
13484, GPUs 
13487, GPUs 
13492, GPUs 
13500, GPUs 
13510, GPUs 
13525, GPUs 
13528, GPUs 
13529, GPUs 
13530, GPUs 
13532, GPUs 
13542, GPUs 
13547, GPUs 
13564, GPUs 
13604, GPUs 
13608, GPUs 
13627, GPUs 
13629, GPUs 
13637, GPUs 
13650, GPUs 
13660, GPUs 
13665, GPUs 
13681, GPUs 
13691, GPUs 
13692, GPUs 
13694, GPUs 
13697, GPUs 
13700, GPUs 
13701, GPUs 
13704, GPUs 
13707, GPUs 
13708, GPUs 
13709, GPUs 
13715, GPUs 
13717, GPUs 
13731, GPUs 
13745, GPUs 
13753, GPUs 
13770, GPUs 
13779, GPUs 
13786, GPUs 
13788, GPUs 
13794, GPUs 
13801, GPUs 
13804, GPUs 
13806, GPUs 
13825, GPUs 
13831, GPUs 
13841, GPUs 
13847, GPUs 
13860, GPUs 
13864, GPUs 
13886, GPUs 
13888, GPUs 
13890, GPUs 
13892, GPUs 
13901, GPUs 
13918, GPUs 
13921, GPUs 
13922, GPUs 
13935, GPUs 
13947, GPUs 
13958, GPUs 
13974, GPUs 
13979, GPUs 
13982, GPUs 
13986, GPUs 
13987, GPUs 
13997, GPUs 
14008, GPUs 
14011, GPUs 
14015, GPUs 
14029, GPUs 
14035, GPUs 
14036, GPUs 
14049, GPUs 
14052, GPUs 
14063, GPUs 
14064, GPUs 
14082, GPUs 
14083, GPUs 
14086, GPUs 
14092, GPUs 
14097, GPUs 
14104, GPUs 
14120, GPUs 
14122, GPUs 
14123, GPUs 
14126, GPUs 
14135, GPUs 
14139, GPUs 
14140, GPUs 
14151, GPUs 
14158, GPUs 
14165, GPUs 
14198, GPUs 
14203, GPUs 
14211, GPUs 
14218, GPUs 
14249, GPUs 
14251, GPUs 
14257, GPUs 
14259, GPUs 
14261, GPUs 
14262, GPUs 
14265, GPUs 
14268, GPUs 
14281, GPUs 
14286, GPUs 
14292, GPUs 
14314, GPUs 
14342, GPUs 
14344, GPUs 
14350, GPUs 
14359, GPUs 
14372, GPUs 
14378, GPUs 
14396, GPUs 
14419, GPUs 
14423, GPUs 
14424, GPUs 
14425, GPUs 
14432, GPUs 
14437, GPUs 
14451, GPUs 
14452, GPUs 
14458, GPUs 
14470, GPUs 
14476, GPUs 
14477, GPUs 
14491, GPUs 
14500, GPUs 
14508, GPUs 
14509, GPUs 
14514, GPUs 
14518, GPUs 
14520, GPUs 
14525, GPUs 
14534, GPUs 
14548, GPUs 
14550, GPUs 
14551, GPUs 
14553, GPUs 
14556, GPUs 
14561, GPUs 
14574, GPUs 
14595, GPUs 
14608, GPUs 
14613, GPUs 
14628, GPUs 
14639, GPUs 
14666, GPUs 
14669, GPUs 
14681, GPUs 
14700, GPUs 
14714, GPUs 
14718, GPUs 
14720, GPUs 
14723, GPUs 
14728, GPUs 
14733, GPUs 
14765, GPUs 
14768, GPUs 
14775, GPUs 
14788, GPUs 
14789, GPUs 
14795, GPUs 
14829, GPUs 
14834, GPUs 
14838, GPUs 
14841, GPUs 
14856, GPUs 
14871, GPUs 
14879, GPUs 
14880, GPUs 
14900, GPUs 
14904, GPUs 
14907, GPUs 
14911, GPUs 
14916, GPUs 
14917, GPUs 
14930, GPUs 
14932, GPUs 
14936, GPUs 
14955, GPUs 
14956, GPUs 
14960, GPUs 
14965, GPUs 
14971, GPUs 
14984, GPUs 
14992, GPUs 
15009, GPUs 
15013, GPUs 
15017, GPUs 
15030, GPUs 
15040, GPUs 
15045, GPUs 
15048, GPUs 
15049, GPUs 
15056, GPUs 
15058, GPUs 
15061, GPUs 
15074, GPUs 
15077, GPUs 
15080, GPUs 
15086, GPUs 
15087, GPUs 
15096, GPUs 
15109, GPUs 
15118, GPUs 
15124, GPUs 
15128, GPUs 
15143, GPUs 
15144, GPUs 
15148, GPUs 
15152, GPUs 
15154, GPUs 
15162, GPUs 
15172, GPUs 
15183, GPUs 
15197, GPUs 
15205, GPUs 
15215, GPUs 
15226, GPUs 
15232, GPUs 
15247, GPUs 
15253, GPUs 
15260, GPUs 
15265, GPUs 
15282, GPUs 
15289, GPUs 
15290, GPUs 
15318, GPUs 
15320, GPUs 
15324, GPUs 
15333, GPUs 
15335, GPUs 
15342, GPUs 
15346, GPUs 
15348, GPUs 
15351, GPUs 
15369, GPUs 
15396, GPUs 
15411, GPUs 
15419, GPUs 
15421, GPUs 
15422, GPUs 
15436, GPUs 
15440, GPUs 
15441, GPUs 
15444, GPUs 
15473, GPUs 
15484, GPUs 
15495, GPUs 
15505, GPUs 
15512, GPUs 
15514, GPUs 
15520, GPUs 
15530, GPUs 
15551, GPUs 
15580, GPUs 
15583, GPUs 
15591, GPUs 
15597, GPUs 
15605, GPUs 
15635, GPUs 
15646, GPUs 
15651, GPUs 
15679, GPUs 
15681, GPUs 
15686, GPUs 
15714, GPUs 
15719, GPUs 
15726, GPUs 
15728, GPUs 
15732, GPUs 
15739, GPUs 
15751, GPUs 
15762, GPUs 
15783, GPUs 
15790, GPUs 
15794, GPUs 
15795, GPUs 
15796, GPUs 
15818, GPUs 
15819, GPUs 
15822, GPUs 
15824, GPUs 
15829, GPUs 
15835, GPUs 
15839, GPUs 
15842, GPUs 
15848, GPUs 
15850, GPUs 
15851, GPUs 
15852, GPUs 
15859, GPUs 
15868, GPUs 
15893, GPUs 
15904, GPUs 
15911, GPUs 
15919, GPUs 
15922, GPUs 
15955, GPUs 
15980, GPUs 
15988, GPUs 
15989, GPUs 
15993, GPUs 
15996, GPUs 
15997, GPUs 
15998, GPUs 
16017, GPUs 
16019, GPUs 
16030, GPUs 
16035, GPUs 
16037, GPUs 
16039, GPUs 
16051, GPUs 
16056, GPUs 
16066, GPUs 
16072, GPUs 
16073, GPUs 
16085, GPUs 
16092, GPUs 
16094, GPUs 
16100, GPUs 
16112, GPUs 
16117, GPUs 
16129, GPUs 
16139, GPUs 
16153, GPUs 
16162, GPUs 
16174, GPUs 
16179, GPUs 
16181, GPUs 
16229, GPUs 
16250, GPUs 
16251, GPUs 
16260, GPUs 
16278, GPUs 
16282, GPUs 
16289, GPUs 
16304, GPUs 
16309, GPUs 
16337, GPUs 
16348, GPUs 
16353, GPUs 
16382, GPUs 
16389, GPUs 
16413, GPUs 
16423, GPUs 
16431, GPUs 
16450, GPUs 
16457, GPUs 
16474, GPUs 
16475, GPUs 
16494, GPUs 
16500, GPUs 
16517, GPUs 
16525, GPUs 
16542, GPUs 
16545, GPUs 
16548, GPUs 
16571, GPUs 
16576, GPUs 
16577, GPUs 
16581, GPUs 
16625, GPUs 
16631, GPUs 
16662, GPUs 
16665, GPUs 
16699, GPUs 
16724, GPUs 
16725, GPUs 
16737, GPUs 
16741, GPUs 
16742, GPUs 
16746, GPUs 
16752, GPUs 
16757, GPUs 
16765, GPUs 
16777, GPUs 
16781, GPUs 
16789, GPUs 
16795, GPUs 
16807, GPUs 
16865, GPUs 
16867, GPUs 
16869, GPUs 
16872, GPUs 
16879, GPUs 
16896, GPUs 
16909, GPUs 
16912, GPUs 
16926, GPUs 
16948, GPUs 
16951, GPUs 
16955, GPUs 
16956, GPUs 
16960, GPUs 
16968, GPUs 
16972, GPUs 
16985, GPUs 
16997, GPUs 
17021, GPUs 
17028, GPUs 
17037, GPUs 
17040, GPUs 
17046, GPUs 
17055, GPUs 
17061, GPUs 
17066, GPUs 
17090, GPUs 
17106, GPUs 
17122, GPUs 
17136, GPUs 
17141, GPUs 
17154, GPUs 
17166, GPUs 
17167, GPUs 
17170, GPUs 
17176, GPUs 
17189, GPUs 
17193, GPUs 
17197, GPUs 
17213, GPUs 
17218, GPUs 
17222, GPUs 
17234, GPUs 
17246, GPUs 
17256, GPUs 
17262, GPUs 
17265, GPUs 
17276, GPUs 
17278, GPUs 
17280, GPUs 
17302, GPUs 
17303, GPUs 
17310, GPUs 
17323, GPUs 
17329, GPUs 
17339, GPUs 
17340, GPUs 
17352, GPUs 
17353, GPUs 
17367, GPUs 
17376, GPUs 
17380, GPUs 
17381, GPUs 
17388, GPUs 
17398, GPUs 
17401, GPUs 
17414, GPUs 
17433, GPUs 
17465, GPUs 
17486, GPUs 
17495, GPUs 
17509, GPUs 
17512, GPUs 
17515, GPUs 
17517, GPUs 
17527, GPUs 
17541, GPUs 
17548, GPUs 
17550, GPUs 
17566, GPUs 
17567, GPUs 
17571, GPUs 
17572, GPUs 
17578, GPUs 
17579, GPUs 
17589, GPUs 
17592, GPUs 
17599, GPUs 
17611, GPUs 
17616, GPUs 
17618, GPUs 
17635, GPUs 
17640, GPUs 
17644, GPUs 
17662, GPUs 
17664, GPUs 
17665, GPUs 
17681, GPUs 
17683, GPUs 
17691, GPUs 
17718, GPUs 
17723, GPUs 
17724, GPUs 
17726, GPUs 
17727, GPUs 
17733, GPUs 
17739, GPUs 
17741, GPUs 
17743, GPUs 
17744, GPUs 
17752, GPUs 
17767, GPUs 
17772, GPUs 
17780, GPUs 
17804, GPUs 
17806, GPUs 
17808, GPUs 
17817, GPUs 
17821, GPUs 
17822, GPUs 
17845, GPUs 
17849, GPUs 
17858, GPUs 
17888, GPUs 
17894, GPUs 
17908, GPUs 
17929, GPUs 
17941, GPUs 
17943, GPUs 
17951, GPUs 
17970, GPUs 
17977, GPUs 
17984, GPUs 
17990, GPUs 
18000, GPUs 
18007, GPUs 
18018, GPUs 
18048, GPUs 
18056, GPUs 
18060, GPUs 
18092, GPUs 
18097, GPUs 
18101, GPUs 
18113, GPUs 
18116, GPUs 
18133, GPUs 
18134, GPUs 
18142, GPUs 
18149, GPUs 
18158, GPUs 
18170, GPUs 
18174, GPUs 
18181, GPUs 
18183, GPUs 
18194, GPUs 
18196, GPUs 
18210, GPUs 
18237, GPUs 
18265, GPUs 
18269, GPUs 
18284, GPUs 
18291, GPUs 
18292, GPUs 
18302, GPUs 
18304, GPUs 
18322, GPUs 
18327, GPUs 
18335, GPUs 
18337, GPUs 
18350, GPUs 
18359, GPUs 
18375, GPUs 
18378, GPUs 
18385, GPUs 
18387, GPUs 
18389, GPUs 
18395, GPUs 
18413, GPUs 
18418, GPUs 
18428, GPUs 
18440, GPUs 
18442, GPUs 
18444, GPUs 
18467, GPUs 
18478, GPUs 
18486, GPUs 
18499, GPUs 
18502, GPUs 
18532, GPUs 
18539, GPUs 
18547, GPUs 
18552, GPUs 
18558, GPUs 
18562, GPUs 
18582, GPUs 
18593, GPUs 
18596, GPUs 
18608, GPUs 
18630, GPUs 
18631, GPUs 
18638, GPUs 
18643, GPUs 
18658, GPUs 
18659, GPUs 
18665, GPUs 
18669, GPUs 
18683, GPUs 
18702, GPUs 
18708, GPUs 
18713, GPUs 
18724, GPUs 
18725, GPUs 
18726, GPUs 
18731, GPUs 
18755, GPUs 
18764, GPUs 
18766, GPUs 
18773, GPUs 
18783, GPUs 
18788, GPUs 
18811, GPUs 
18816, GPUs 
18817, GPUs 
18828, GPUs 
18833, GPUs 
18847, GPUs 
18853, GPUs 
18854, GPUs 
18859, GPUs 
18872, GPUs 
18877, GPUs 
18878, GPUs 
18879, GPUs 
18909, GPUs 
18917, GPUs 
18923, GPUs 
18925, GPUs 
18933, GPUs 
18945, GPUs 
18966, GPUs 
18978, GPUs 
18987, GPUs 
18999, GPUs 
19004, GPUs 
19006, GPUs 
19009, GPUs 
19015, GPUs 
19027, GPUs 
19031, GPUs 
19034, GPUs 
19042, GPUs 
19062, GPUs 
19070, GPUs 
19074, GPUs 
19089, GPUs 
19097, GPUs 
19101, GPUs 
19103, GPUs 
19104, GPUs 
19112, GPUs 
19156, GPUs 
19177, GPUs 
19185, GPUs 
19195, GPUs 
19200, GPUs 
19223, GPUs 
19232, GPUs 
19242, GPUs 
19247, GPUs 
19253, GPUs 
19272, GPUs 
19273, GPUs 
19280, GPUs 
19286, GPUs 
19288, GPUs 
19296, GPUs 
19299, GPUs 
19330, GPUs 
19337, GPUs 
19346, GPUs 
19352, GPUs 
19355, GPUs 
19376, GPUs 
19384, GPUs 
19392, GPUs 
19401, GPUs 
19418, GPUs 
19424, GPUs 
19428, GPUs 
19430, GPUs 
19436, GPUs 
19439, GPUs 
19448, GPUs 
19452, GPUs 
19468, GPUs 
19470, GPUs 
19506, GPUs 
19512, GPUs 
19514, GPUs 
19515, GPUs 
19519, GPUs 
19527, GPUs 
19529, GPUs 
19537, GPUs 
19542, GPUs 
19560, GPUs 
19568, GPUs 
19598, GPUs 
19600, GPUs 
19630, GPUs 
19632, GPUs 
19635, GPUs 
19641, GPUs 
19646, GPUs 
19664, GPUs 
19674, GPUs 
19687, GPUs 
19688, GPUs 
19709, GPUs 
19718, GPUs 
19722, GPUs 
19727, GPUs 
19739, GPUs 
19745, GPUs 
19754, GPUs 
19755, GPUs 
19781, GPUs 
19788, GPUs 
19815, GPUs 
19823, GPUs 
19840, GPUs 
19848, GPUs 
19853, GPUs 
19857, GPUs 
19861, GPUs 
19871, GPUs 
19875, GPUs 
19877, GPUs 
19882, GPUs 
19883, GPUs 
19885, GPUs 
19890, GPUs 
19896, GPUs 
19903, GPUs 
19909, GPUs 
19939, GPUs 
19946, GPUs 
19975, GPUs 
19983, GPUs 
20013, GPUs 
20019, GPUs 
20021, GPUs 
20022, GPUs 
20033, GPUs 
20058, GPUs 
20061, GPUs 
20073, GPUs 
20099, GPUs 
20100, GPUs 
20101, GPUs 
20106, GPUs 
20107, GPUs 
20118, GPUs 
20124, GPUs 
20145, GPUs 
20148, GPUs 
20153, GPUs 
20156, GPUs 
20168, GPUs 
20174, GPUs 
20194, GPUs 
20197, GPUs 
20206, GPUs 
20247, GPUs 
20255, GPUs 
20256, GPUs 
20258, GPUs 
20269, GPUs 
20285, GPUs 
20287, GPUs 
20307, GPUs 
20310, GPUs 
20318, GPUs 
20321, GPUs 
20328, GPUs 
20338, GPUs 
20341, GPUs 
20375, GPUs 
20381, GPUs 
20391, GPUs 
20394, GPUs 
20395, GPUs 
20412, GPUs 
20432, GPUs 
20436, GPUs 
20445, GPUs 
20456, GPUs 
20479, GPUs 
20494, GPUs 
20498, GPUs 
20522, GPUs 
20527, GPUs 
20536, GPUs 
20537, GPUs 
20545, GPUs 
20554, GPUs 
20556, GPUs 
20559, GPUs 
20564, GPUs 
20569, GPUs 
20570, GPUs 
20577, GPUs 
20589, GPUs 
20591, GPUs 
20607, GPUs 
20609, GPUs 
20632, GPUs 
20639, GPUs 
20640, GPUs 
20647, GPUs 
20668, GPUs 
20692, GPUs 
20702, GPUs 
20722, GPUs 
20725, GPUs 
20743, GPUs 
20746, GPUs 
20747, GPUs 
20755, GPUs 
20756, GPUs 
20757, GPUs 
20760, GPUs 
20764, GPUs 
20766, GPUs 
20767, GPUs 
20777, GPUs 
20790, GPUs 
20791, GPUs 
20800, GPUs 
20807, GPUs 
20809, GPUs 
20837, GPUs 
20848, GPUs 
20877, GPUs 
20883, GPUs 
20906, GPUs 
20907, GPUs 
20908, GPUs 
20912, GPUs 
20915, GPUs 
20921, GPUs 
20933, GPUs 
20945, GPUs 
20948, GPUs 
20951, GPUs 
20952, GPUs 
20956, GPUs 
20974, GPUs 
20990, GPUs 
21018, GPUs 
21040, GPUs 
21061, GPUs 
21062, GPUs 
21063, GPUs 
21073, GPUs 
21083, GPUs 
21093, GPUs 
21095, GPUs 
21106, GPUs 
21109, GPUs 
21111, GPUs 
21119, GPUs 
21124, GPUs 
21134, GPUs 
21136, GPUs 
21144, GPUs 
21153, GPUs 
21154, GPUs 
21162, GPUs 
21166, GPUs 
21170, GPUs 
21171, GPUs 
21179, GPUs 
21186, GPUs 
21192, GPUs 
21193, GPUs 
21203, GPUs 
21209, GPUs 
21229, GPUs 
21237, GPUs 
21249, GPUs 
21253, GPUs 
21255, GPUs 
21268, GPUs 
21283, GPUs 
21320, GPUs 
21327, GPUs 
21350, GPUs 
21357, GPUs 
21364, GPUs 
21366, GPUs 
21379, GPUs 
21385, GPUs 
21386, GPUs 
21391, GPUs 
21392, GPUs 
21404, GPUs 
21417, GPUs 
21422, GPUs 
21434, GPUs 
21435, GPUs 
21437, GPUs 
21454, GPUs 
21468, GPUs 
21473, GPUs 
21485, GPUs 
21508, GPUs 
21534, GPUs 
21535, GPUs 
21539, GPUs 
21547, GPUs 
21551, GPUs 
21578, GPUs 
21584, GPUs 
21586, GPUs 
21590, GPUs 
21598, GPUs 
21612, GPUs 
21616, GPUs 
21621, GPUs 
21636, GPUs 
21638, GPUs 
21644, GPUs 
21658, GPUs 
21660, GPUs 
21671, GPUs 
21681, GPUs 
21693, GPUs 
21696, GPUs 
21717, GPUs 
21718, GPUs 
21725, GPUs 
21727, GPUs 
21740, GPUs 
21752, GPUs 
21759, GPUs 
21773, GPUs 
21775, GPUs 
21780, GPUs 
21789, GPUs 
21801, GPUs 
21803, GPUs 
21806, GPUs 
21812, GPUs 
21825, GPUs 
21849, GPUs 
21855, GPUs 
21859, GPUs 
21870, GPUs 
21872, GPUs 
21880, GPUs 
21887, GPUs 
21900, GPUs 
21904, GPUs 
21915, GPUs 
21928, GPUs 
21934, GPUs 
21938, GPUs 
21950, GPUs 
21958, GPUs 
21959, GPUs 
21966, GPUs 
21974, GPUs 
21988, GPUs 
21993, GPUs 
22002, GPUs 
22037, GPUs 
22039, GPUs 
22068, GPUs 
22072, GPUs 
22074, GPUs 
22076, GPUs 
22083, GPUs 
22086, GPUs 
22091, GPUs 
22094, GPUs 
22102, GPUs 
22105, GPUs 
22114, GPUs 
22124, GPUs 
22133, GPUs 
22139, GPUs 
22141, GPUs 
22143, GPUs 
22147, GPUs 
22154, GPUs 
22157, GPUs 
22158, GPUs 
22162, GPUs 
22186, GPUs 
22194, GPUs 
22195, GPUs 
22197, GPUs 
22200, GPUs 
22201, GPUs 
22216, GPUs 
22217, GPUs 
22224, GPUs 
22247, GPUs 
22251, GPUs 
22256, GPUs 
22263, GPUs 
22281, GPUs 
22287, GPUs 
22303, GPUs 
22330, GPUs 
22332, GPUs 
22344, GPUs 
22377, GPUs 
22401, GPUs 
22403, GPUs 
22404, GPUs 
22429, GPUs 
22433, GPUs 
22436, GPUs 
22437, GPUs 
22451, GPUs 
22463, GPUs 
22482, GPUs 
22515, GPUs 
22517, GPUs 
22521, GPUs 
22531, GPUs 
22540, GPUs 
22543, GPUs 
22557, GPUs 
22558, GPUs 
22560, GPUs 
22567, GPUs 
22591, GPUs 
22599, GPUs 
22615, GPUs 
22619, GPUs 
22627, GPUs 
22669, GPUs 
22692, GPUs 
22695, GPUs 
22711, GPUs 
22720, GPUs 
22729, GPUs 
22745, GPUs 
22752, GPUs 
22757, GPUs 
22763, GPUs 
22800, GPUs 
22803, GPUs 
22854, GPUs 
22856, GPUs 
22868, GPUs 
22874, GPUs 
22878, GPUs 
22879, GPUs 
22880, GPUs 
22885, GPUs 
22889, GPUs 
22899, GPUs 
22900, GPUs 
22905, GPUs 
22918, GPUs 
22930, GPUs 
22941, GPUs 
22955, GPUs 
22965, GPUs 
22974, GPUs 
22977, GPUs 
22984, GPUs 
22991, GPUs 
23027, GPUs 
23039, GPUs 
23045, GPUs 
23050, GPUs 
23059, GPUs 
23061, GPUs 
23072, GPUs 
23073, GPUs 
23083, GPUs 
23095, GPUs 
23107, GPUs 
23110, GPUs 
23114, GPUs 
23121, GPUs 
23144, GPUs 
23155, GPUs 
23158, GPUs 
23159, GPUs 
23160, GPUs 
23164, GPUs 
23165, GPUs 
23182, GPUs 
23192, GPUs 
23193, GPUs 
23202, GPUs 
23203, GPUs 
23224, GPUs 
23230, GPUs 
23240, GPUs 
23242, GPUs 
23262, GPUs 
23268, GPUs 
23282, GPUs 
23286, GPUs 
23289, GPUs 
23299, GPUs 
23305, GPUs 
23312, GPUs 
23323, GPUs 
23327, GPUs 
23330, GPUs 
23352, GPUs 
23391, GPUs 
23403, GPUs 
23404, GPUs 
23406, GPUs 
23407, GPUs 
23409, GPUs 
23429, GPUs 
23437, GPUs 
23444, GPUs 
23445, GPUs 
23452, GPUs 
23455, GPUs 
23471, GPUs 
23472, GPUs 
23480, GPUs 
23492, GPUs 
23520, GPUs 
23521, GPUs 
23527, GPUs 
23537, GPUs 
23553, GPUs 
23561, GPUs 
23575, GPUs 
23584, GPUs 
23594, GPUs 
23632, GPUs 
23637, GPUs 
23640, GPUs 
23662, GPUs 
23669, GPUs 
23682, GPUs 
23688, GPUs 
23692, GPUs 
23693, GPUs 
23700, GPUs 
23702, GPUs 
23707, GPUs 
23721, GPUs 
23722, GPUs 
23728, GPUs 
23746, GPUs 
23771, GPUs 
23777, GPUs 
23780, GPUs 
23796, GPUs 
23804, GPUs 
23810, GPUs 
23815, GPUs 
23817, GPUs 
23818, GPUs 
23819, GPUs 
23823, GPUs 
23829, GPUs 
23871, GPUs 
23917, GPUs 
23924, GPUs 
23931, GPUs 
23934, GPUs 
23935, GPUs 
23982, GPUs 
23983, GPUs 
16, TPUs 
81, TPUs 
114, TPUs 
135, TPUs 
219, TPUs 
237, TPUs 
271, TPUs 
273, TPUs 
313, TPUs 
328, TPUs 
341, TPUs 
378, TPUs 
399, TPUs 
425, TPUs 
449, TPUs 
450, TPUs 
483, TPUs 
513, TPUs 
557, TPUs 
558, TPUs 
580, TPUs 
593, TPUs 
626, TPUs 
632, TPUs 
633, TPUs 
644, TPUs 
733, TPUs 
742, TPUs 
781, TPUs 
811, TPUs 
838, TPUs 
867, TPUs 
886, TPUs 
899, TPUs 
935, TPUs 
1034, TPUs 
1045, TPUs 
1063, TPUs 
1098, TPUs 
1151, TPUs 
1156, TPUs 
1189, TPUs 
1308, TPUs 
1336, TPUs 
1348, TPUs 
1395, TPUs 
1470, TPUs 
1484, TPUs 
1504, TPUs 
1528, TPUs 
1557, TPUs 
1570, TPUs 
1677, TPUs 
1747, TPUs 
1764, TPUs 
1810, TPUs 
1824, TPUs 
1862, TPUs 
1890, TPUs 
1921, TPUs 
1923, TPUs 
1926, TPUs 
1983, TPUs 
1989, TPUs 
2029, TPUs 
2035, TPUs 
2057, TPUs 
2076, TPUs 
2096, TPUs 
2108, TPUs 
2186, TPUs 
2249, TPUs 
2371, TPUs 
2421, TPUs 
2431, TPUs 
2463, TPUs 
2465, TPUs 
2526, TPUs 
2539, TPUs 
2570, TPUs 
2587, TPUs 
2683, TPUs 
2719, TPUs 
2817, TPUs 
2818, TPUs 
2855, TPUs 
2890, TPUs 
2891, TPUs 
2894, TPUs 
2925, TPUs 
2961, TPUs 
2997, TPUs 
3008, TPUs 
3047, TPUs 
3134, TPUs 
3185, TPUs 
3186, TPUs 
3205, TPUs 
3209, TPUs 
3235, TPUs 
3245, TPUs 
3257, TPUs 
3285, TPUs 
3286, TPUs 
3323, TPUs 
3345, TPUs 
3375, TPUs 
3414, TPUs 
3542, TPUs 
3645, TPUs 
3687, TPUs 
3701, TPUs 
3727, TPUs 
3739, TPUs 
3751, TPUs 
3870, TPUs 
3887, TPUs 
3889, TPUs 
3890, TPUs 
3964, TPUs 
3991, TPUs 
4055, TPUs 
4289, TPUs 
4298, TPUs 
4322, TPUs 
4325, TPUs 
4390, TPUs 
4412, TPUs 
4431, TPUs 
4466, TPUs 
4515, TPUs 
4587, TPUs 
4588, TPUs 
4590, TPUs 
4606, TPUs 
4614, TPUs 
4623, TPUs 
4657, TPUs 
4827, TPUs 
4892, TPUs 
4904, TPUs 
4941, TPUs 
4972, TPUs 
4974, TPUs 
5022, TPUs 
5032, TPUs 
5052, TPUs 
5161, TPUs 
5163, TPUs 
5245, TPUs 
5324, TPUs 
5350, TPUs 
5408, TPUs 
5420, TPUs 
5429, TPUs 
5554, TPUs 
5652, TPUs 
5697, TPUs 
5701, TPUs 
5716, TPUs 
5749, TPUs 
5775, TPUs 
5786, TPUs 
5793, TPUs 
5882, TPUs 
5899, TPUs 
5921, TPUs 
5929, TPUs 
5938, TPUs 
5941, TPUs 
5946, TPUs 
5989, TPUs 
5992, TPUs 
6002, TPUs 
6079, TPUs 
6097, TPUs 
6213, TPUs 
6217, TPUs 
6227, TPUs 
6230, TPUs 
6260, TPUs 
6299, TPUs 
6302, TPUs 
6352, TPUs 
6359, TPUs 
6375, TPUs 
6401, TPUs 
6469, TPUs 
6496, TPUs 
6504, TPUs 
6586, TPUs 
6599, TPUs 
6600, TPUs 
6620, TPUs 
6642, TPUs 
6673, TPUs 
6687, TPUs 
6717, TPUs 
6836, TPUs 
6877, TPUs 
6897, TPUs 
6950, TPUs 
6966, TPUs 
6998, TPUs 
7012, TPUs 
7025, TPUs 
7037, TPUs 
7071, TPUs 
7162, TPUs 
7196, TPUs 
7240, TPUs 
7311, TPUs 
7350, TPUs 
7438, TPUs 
7468, TPUs 
7512, TPUs 
7533, TPUs 
7578, TPUs 
7582, TPUs 
7658, TPUs 
7689, TPUs 
7739, TPUs 
7830, TPUs 
7844, TPUs 
7848, TPUs 
7849, TPUs 
7906, TPUs 
7914, TPUs 
7918, TPUs 
7921, TPUs 
8013, TPUs 
8024, TPUs 
8033, TPUs 
8055, TPUs 
8060, TPUs 
8084, TPUs 
8129, TPUs 
8141, TPUs 
8158, TPUs 
8177, TPUs 
8184, TPUs 
8233, TPUs 
8334, TPUs 
8549, TPUs 
8568, TPUs 
8620, TPUs 
8623, TPUs 
8624, TPUs 
8664, TPUs 
8672, TPUs 
8687, TPUs 
8737, TPUs 
8750, TPUs 
8777, TPUs 
8783, TPUs 
8824, TPUs 
8837, TPUs 
8844, TPUs 
8860, TPUs 
8877, TPUs 
8893, TPUs 
8938, TPUs 
8976, TPUs 
9082, TPUs 
9097, TPUs 
9159, TPUs 
9245, TPUs 
9444, TPUs 
9457, TPUs 
9467, TPUs 
9472, TPUs 
9632, TPUs 
9634, TPUs 
9677, TPUs 
9703, TPUs 
9714, TPUs 
9742, TPUs 
9750, TPUs 
9788, TPUs 
9811, TPUs 
9873, TPUs 
9960, TPUs 
9978, TPUs 
10081, TPUs 
10098, TPUs 
10108, TPUs 
10117, TPUs 
10170, TPUs 
10183, TPUs 
10209, TPUs 
10239, TPUs 
10242, TPUs 
10257, TPUs 
10357, TPUs 
10385, TPUs 
10401, TPUs 
10427, TPUs 
10435, TPUs 
10450, TPUs 
10631, TPUs 
10641, TPUs 
10648, TPUs 
10729, TPUs 
10777, TPUs 
10791, TPUs 
10813, TPUs 
10905, TPUs 
10956, TPUs 
10957, TPUs 
11015, TPUs 
11016, TPUs 
11106, TPUs 
11113, TPUs 
11200, TPUs 
11224, TPUs 
11231, TPUs 
11280, TPUs 
11282, TPUs 
11296, TPUs 
11424, TPUs 
11472, TPUs 
11521, TPUs 
11585, TPUs 
11751, TPUs 
11752, TPUs 
11774, TPUs 
11801, TPUs 
11804, TPUs 
11816, TPUs 
11826, TPUs 
11850, TPUs 
11855, TPUs 
11901, TPUs 
11906, TPUs 
11956, TPUs 
12070, TPUs 
12132, TPUs 
12134, TPUs 
12212, TPUs 
12323, TPUs 
12414, TPUs 
12448, TPUs 
12453, TPUs 
12464, TPUs 
12492, TPUs 
12518, TPUs 
12536, TPUs 
12659, TPUs 
12669, TPUs 
12756, TPUs 
12778, TPUs 
12947, TPUs 
13025, TPUs 
13053, TPUs 
13061, TPUs 
13085, TPUs 
13133, TPUs 
13165, TPUs 
13195, TPUs 
13219, TPUs 
13232, TPUs 
13311, TPUs 
13349, TPUs 
13359, TPUs 
13400, TPUs 
13532, TPUs 
13579, TPUs 
13604, TPUs 
13681, TPUs 
13707, TPUs 
13708, TPUs 
13717, TPUs 
13794, TPUs 
13801, TPUs 
13804, TPUs 
13841, TPUs 
13890, TPUs 
13901, TPUs 
13947, TPUs 
13958, TPUs 
13974, TPUs 
13986, TPUs 
14008, TPUs 
14034, TPUs 
14036, TPUs 
14082, TPUs 
14083, TPUs 
14123, TPUs 
14139, TPUs 
14140, TPUs 
14200, TPUs 
14203, TPUs 
14218, TPUs 
14249, TPUs 
14259, TPUs 
14286, TPUs 
14425, TPUs 
14451, TPUs 
14477, TPUs 
14504, TPUs 
14509, TPUs 
14534, TPUs 
14551, TPUs 
14556, TPUs 
14574, TPUs 
14608, TPUs 
14613, TPUs 
14681, TPUs 
14728, TPUs 
14744, TPUs 
14775, TPUs 
14829, TPUs 
14843, TPUs 
14879, TPUs 
14936, TPUs 
14955, TPUs 
14965, TPUs 
14983, TPUs 
15009, TPUs 
15013, TPUs 
15030, TPUs 
15074, TPUs 
15080, TPUs 
15143, TPUs 
15148, TPUs 
15197, TPUs 
15205, TPUs 
15215, TPUs 
15226, TPUs 
15247, TPUs 
15318, TPUs 
15411, TPUs 
15444, TPUs 
15473, TPUs 
15484, TPUs 
15581, TPUs 
15597, TPUs 
15635, TPUs 
15728, TPUs 
15732, TPUs 
15754, TPUs 
15762, TPUs 
15795, TPUs 
15824, TPUs 
15829, TPUs 
15835, TPUs 
15852, TPUs 
15911, TPUs 
15955, TPUs 
15989, TPUs 
15998, TPUs 
16030, TPUs 
16035, TPUs 
16051, TPUs 
16117, TPUs 
16129, TPUs 
16260, TPUs 
16309, TPUs 
16423, TPUs 
16431, TPUs 
16457, TPUs 
16474, TPUs 
16494, TPUs 
16499, TPUs 
16500, TPUs 
16542, TPUs 
16571, TPUs 
16742, TPUs 
16787, TPUs 
16795, TPUs 
16806, TPUs 
16816, TPUs 
16926, TPUs 
16955, TPUs 
16956, TPUs 
16968, TPUs 
17055, TPUs 
17061, TPUs 
17066, TPUs 
17106, TPUs 
17176, TPUs 
17280, TPUs 
17352, TPUs 
17353, TPUs 
17367, TPUs 
17376, TPUs 
17380, TPUs 
17391, TPUs 
17465, TPUs 
17488, TPUs 
17509, TPUs 
17517, TPUs 
17548, TPUs 
17550, TPUs 
17572, TPUs 
17579, TPUs 
17644, TPUs 
17662, TPUs 
17664, TPUs 
17724, TPUs 
17727, TPUs 
17739, TPUs 
17767, TPUs 
17943, TPUs 
17951, TPUs 
17990, TPUs 
18075, TPUs 
18133, TPUs 
18181, TPUs 
18292, TPUs 
18302, TPUs 
18378, TPUs 
18395, TPUs 
18413, TPUs 
18539, TPUs 
18608, TPUs 
18638, TPUs 
18683, TPUs 
18726, TPUs 
18731, TPUs 
18773, TPUs 
18880, TPUs 
18925, TPUs 
18987, TPUs 
19006, TPUs 
19015, TPUs 
19062, TPUs 
19068, TPUs 
19097, TPUs 
19104, TPUs 
19156, TPUs 
19185, TPUs 
19242, TPUs 
19401, TPUs 
19512, TPUs 
19515, TPUs 
19542, TPUs 
19560, TPUs 
19600, TPUs 
19632, TPUs 
19635, TPUs 
19641, TPUs 
19645, TPUs 
19823, TPUs 
19840, TPUs 
19853, TPUs 
19883, TPUs 
20021, TPUs 
20101, TPUs 
20137, TPUs 
20148, TPUs 
20156, TPUs 
20168, TPUs 
20194, TPUs 
20307, TPUs 
20328, TPUs 
20375, TPUs 
20412, TPUs 
20432, TPUs 
20445, TPUs 
20452, TPUs 
20537, TPUs 
20564, TPUs 
20607, TPUs 
20746, TPUs 
20791, TPUs 
20807, TPUs 
20948, TPUs 
20951, TPUs 
21058, TPUs 
21124, TPUs 
21153, TPUs 
21166, TPUs 
21170, TPUs 
21186, TPUs 
21203, TPUs 
21209, TPUs 
21244, TPUs 
21379, TPUs 
21386, TPUs 
21404, TPUs 
21454, TPUs 
21578, TPUs 
21584, TPUs 
21638, TPUs 
21681, TPUs 
21725, TPUs 
21727, TPUs 
21780, TPUs 
21806, TPUs 
21825, TPUs 
21870, TPUs 
21880, TPUs 
21900, TPUs 
21988, TPUs 
22037, TPUs 
22076, TPUs 
22091, TPUs 
22095, TPUs 
22116, TPUs 
22141, TPUs 
22162, TPUs 
22194, TPUs 
22216, TPUs 
22217, TPUs 
22224, TPUs 
22247, TPUs 
22251, TPUs 
22330, TPUs 
22332, TPUs 
22377, TPUs 
22436, TPUs 
22463, TPUs 
22478, TPUs 
22512, TPUs 
22531, TPUs 
22543, TPUs 
22711, TPUs 
22868, TPUs 
22874, TPUs 
22878, TPUs 
22885, TPUs 
22991, TPUs 
23045, TPUs 
23073, TPUs 
23114, TPUs 
23158, TPUs 
23159, TPUs 
23164, TPUs 
23230, TPUs 
23242, TPUs 
23268, TPUs 
23286, TPUs 
23352, TPUs 
23391, TPUs 
23409, TPUs 
23492, TPUs 
23527, TPUs 
23553, TPUs 
23575, TPUs 
23692, TPUs 
23746, TPUs 
23768, TPUs 
23771, TPUs 
23777, TPUs 
23810, TPUs 
23815, TPUs 
23818, TPUs 
23871, TPUs 
23931, TPUs 
23934, TPUs 
23963, TPUs 
23983, TPUs 
407, IPUs 
633, IPUs 
1937, IPUs 
2425, IPUs 
3286, IPUs 
3375, IPUs 
3572, IPUs 
3779, IPUs 
4197, IPUs 
4325, IPUs 
4466, IPUs 
4806, IPUs 
5160, IPUs 
5228, IPUs 
5294, IPUs 
5304, IPUs 
5544, IPUs 
5694, IPUs 
6299, IPUs 
6401, IPUs 
6826, IPUs 
7009, IPUs 
8049, IPUs 
8145, IPUs 
8860, IPUs 
9750, IPUs 
9960, IPUs 
10183, IPUs 
10292, IPUs 
10480, IPUs 
10561, IPUs 
10668, IPUs 
10878, IPUs 
10905, IPUs 
10957, IPUs 
11198, IPUs 
12675, IPUs 
13892, IPUs 
14143, IPUs 
14203, IPUs 
14534, IPUs 
14983, IPUs 
16251, IPUs 
17780, IPUs 
18030, IPUs 
18269, IPUs 
18659, IPUs 
18879, IPUs 
18999, IPUs 
19068, IPUs 
19070, IPUs 
19641, IPUs 
19722, IPUs 
20099, IPUs 
20243, IPUs 
20559, IPUs 
21153, IPUs 
21435, IPUs 
21568, IPUs 
21974, IPUs 
22068, IPUs 
22478, IPUs 
22543, IPUs 
22711, IPUs 
23039, IPUs 
23553, IPUs 
23575, IPUs 
246, RDUs 
273, RDUs 
633, RDUs 
886, RDUs 
928, RDUs 
1764, RDUs 
3286, RDUs 
3375, RDUs 
3642, RDUs 
4197, RDUs 
4325, RDUs 
4466, RDUs 
4986, RDUs 
5260, RDUs 
5331, RDUs 
5410, RDUs 
6299, RDUs 
6447, RDUs 
7009, RDUs 
7037, RDUs 
7230, RDUs 
7951, RDUs 
8033, RDUs 
8673, RDUs 
9960, RDUs 
10183, RDUs 
10209, RDUs 
10777, RDUs 
10878, RDUs 
10905, RDUs 
10957, RDUs 
11360, RDUs 
12024, RDUs 
12675, RDUs 
13892, RDUs 
14151, RDUs 
14203, RDUs 
16499, RDUs 
17352, RDUs 
17381, RDUs 
17662, RDUs 
18269, RDUs 
18744, RDUs 
18756, RDUs 
18944, RDUs 
19641, RDUs 
20058, RDUs 
20559, RDUs 
21153, RDUs 
21379, RDUs 
22251, RDUs 
22602, RDUs 
22615, RDUs 
22711, RDUs 
23553, RDUs 
23669, RDUs 
23809, RDUs 
23871, RDUs 
633, WSEs 
1156, WSEs 
3286, WSEs 
3375, WSEs 
4325, WSEs 
4466, WSEs 
6299, WSEs 
6447, WSEs 
6729, WSEs 
7951, WSEs 
9750, WSEs 
9960, WSEs 
10183, WSEs 
10561, WSEs 
10878, WSEs 
10905, WSEs 
11947, WSEs 
14143, WSEs 
14978, WSEs 
18269, WSEs 
19641, WSEs 
20867, WSEs 
21459, WSEs 
22202, WSEs 
23618, WSEs 
23823, WSEs 
172, Trainium Chips 
399, Trainium Chips 
633, Trainium Chips 
2159, Trainium Chips 
2198, Trainium Chips 
2249, Trainium Chips 
2428, Trainium Chips 
3286, Trainium Chips 
3375, Trainium Chips 
3642, Trainium Chips 
3779, Trainium Chips 
4325, Trainium Chips 
4466, Trainium Chips 
5056, Trainium Chips 
5816, Trainium Chips 
6299, Trainium Chips 
6673, Trainium Chips 
8158, Trainium Chips 
8860, Trainium Chips 
10183, Trainium Chips 
10905, Trainium Chips 
11678, Trainium Chips 
11741, Trainium Chips 
12675, Trainium Chips 
14143, Trainium Chips 
14960, Trainium Chips 
14978, Trainium Chips 
15650, Trainium Chips 
16708, Trainium Chips 
17571, Trainium Chips 
18505, Trainium Chips 
19635, Trainium Chips 
19641, Trainium Chips 
20412, Trainium Chips 
20743, Trainium Chips 
21153, Trainium Chips 
21379, Trainium Chips 
22068, Trainium Chips 
23823, Trainium Chips 
399, Inferentia Chips 
425, Inferentia Chips 
580, Inferentia Chips 
633, Inferentia Chips 
2249, Inferentia Chips 
3168, Inferentia Chips 
3286, Inferentia Chips 
3375, Inferentia Chips 
3779, Inferentia Chips 
4325, Inferentia Chips 
4466, Inferentia Chips 
4974, Inferentia Chips 
5160, Inferentia Chips 
5218, Inferentia Chips 
5748, Inferentia Chips 
5989, Inferentia Chips 
6299, Inferentia Chips 
6401, Inferentia Chips 
7325, Inferentia Chips 
7420, Inferentia Chips 
8013, Inferentia Chips 
8092, Inferentia Chips 
8687, Inferentia Chips 
9545, Inferentia Chips 
9750, Inferentia Chips 
10183, Inferentia Chips 
10905, Inferentia Chips 
11189, Inferentia Chips 
11190, Inferentia Chips 
11408, Inferentia Chips 
11678, Inferentia Chips 
11741, Inferentia Chips 
12199, Inferentia Chips 
12934, Inferentia Chips 
13892, Inferentia Chips 
14011, Inferentia Chips 
14200, Inferentia Chips 
14211, Inferentia Chips 
14268, Inferentia Chips 
14895, Inferentia Chips 
14978, Inferentia Chips 
15794, Inferentia Chips 
16251, Inferentia Chips 
17125, Inferentia Chips 
17744, Inferentia Chips 
18859, Inferentia Chips 
19068, Inferentia Chips 
19635, Inferentia Chips 
19641, Inferentia Chips 
20338, Inferentia Chips 
20743, Inferentia Chips 
21153, Inferentia Chips 
21379, Inferentia Chips 
22478, Inferentia Chips 
22868, Inferentia Chips 
23193, Inferentia Chips 
23618, Inferentia Chips 
23818, Inferentia Chips 
8,None
17,None
27,None
45,None
63,None
125,None
136,None
139,None
159,None
163,None
177,None
197,None
203,None
205,None
210,None
243,None
267,None
268,None
281,None
289,None
298,None
342,None
348,None
367,None
398,None
417,None
418,None
436,None
439,None
447,None
460,None
462,None
472,None
496,None
524,None
537,None
569,None
579,None
607,None
612,None
621,None
624,None
652,None
679,None
692,None
693,None
711,None
723,None
728,None
775,None
777,None
793,None
815,None
816,None
821,None
825,None
840,None
885,None
893,None
896,None
1003,None
1010,None
1016,None
1026,None
1067,None
1068,None
1072,None
1080,None
1082,None
1093,None
1110,None
1111,None
1127,None
1128,None
1133,None
1167,None
1171,None
1174,None
1188,None
1200,None
1207,None
1227,None
1236,None
1250,None
1259,None
1265,None
1274,None
1275,None
1332,None
1359,None
1362,None
1374,None
1384,None
1393,None
1402,None
1413,None
1423,None
1475,None
1523,None
1534,None
1537,None
1552,None
1565,None
1573,None
1585,None
1602,None
1606,None
1626,None
1650,None
1721,None
1722,None
1723,None
1725,None
1736,None
1742,None
1771,None
1777,None
1788,None
1820,None
1834,None
1838,None
1841,None
1844,None
1850,None
1881,None
1885,None
1889,None
1906,None
1911,None
1917,None
1933,None
1934,None
1942,None
1958,None
1982,None
2012,None
2015,None
2019,None
2040,None
2056,None
2063,None
2072,None
2106,None
2138,None
2156,None
2162,None
2197,None
2266,None
2289,None
2312,None
2313,None
2322,None
2331,None
2334,None
2348,None
2351,None
2361,None
2364,None
2381,None
2417,None
2435,None
2440,None
2441,None
2462,None
2491,None
2500,None
2506,None
2507,None
2524,None
2527,None
2535,None
2538,None
2549,None
2562,None
2564,None
2575,None
2579,None
2580,None
2597,None
2605,None
2630,None
2632,None
2647,None
2689,None
2705,None
2714,None
2721,None
2726,None
2727,None
2743,None
2751,None
2768,None
2780,None
2820,None
2840,None
2869,None
2896,None
2903,None
2912,None
2939,None
2964,None
2998,None
3025,None
3033,None
3051,None
3054,None
3118,None
3127,None
3135,None
3138,None
3145,None
3155,None
3157,None
3158,None
3208,None
3233,None
3241,None
3265,None
3278,None
3293,None
3302,None
3314,None
3340,None
3361,None
3371,None
3374,None
3379,None
3392,None
3395,None
3397,None
3415,None
3424,None
3442,None
3457,None
3459,None
3530,None
3540,None
3545,None
3561,None
3562,None
3592,None
3609,None
3622,None
3629,None
3639,None
3644,None
3653,None
3680,None
3683,None
3690,None
3705,None
3716,None
3724,None
3738,None
3754,None
3759,None
3762,None
3767,None
3775,None
3785,None
3793,None
3801,None
3807,None
3809,None
3810,None
3821,None
3834,None
3837,None
3904,None
3941,None
3949,None
3978,None
3999,None
4008,None
4018,None
4020,None
4025,None
4036,None
4056,None
4063,None
4079,None
4097,None
4098,None
4109,None
4115,None
4119,None
4173,None
4174,None
4182,None
4193,None
4201,None
4226,None
4229,None
4234,None
4259,None
4261,None
4278,None
4290,None
4314,None
4315,None
4318,None
4327,None
4335,None
4338,None
4341,None
4350,None
4360,None
4381,None
4392,None
4395,None
4396,None
4409,None
4419,None
4446,None
4455,None
4467,None
4470,None
4476,None
4498,None
4506,None
4525,None
4542,None
4545,None
4551,None
4552,None
4591,None
4601,None
4618,None
4622,None
4662,None
4713,None
4750,None
4755,None
4758,None
4762,None
4768,None
4774,None
4794,None
4808,None
4811,None
4821,None
4826,None
4829,None
4856,None
4868,None
4872,None
4874,None
4875,None
4897,None
4913,None
4915,None
4925,None
4935,None
4939,None
4949,None
4956,None
4961,None
4965,None
4966,None
4993,None
5006,None
5007,None
5053,None
5055,None
5068,None
5088,None
5090,None
5093,None
5108,None
5136,None
5143,None
5162,None
5165,None
5176,None
5186,None
5197,None
5241,None
5269,None
5275,None
5312,None
5314,None
5327,None
5337,None
5347,None
5349,None
5417,None
5419,None
5430,None
5440,None
5446,None
5454,None
5455,None
5477,None
5484,None
5485,None
5489,None
5494,None
5513,None
5521,None
5530,None
5532,None
5553,None
5583,None
5599,None
5627,None
5628,None
5653,None
5656,None
5658,None
5674,None
5689,None
5698,None
5707,None
5711,None
5721,None
5734,None
5751,None
5756,None
5841,None
5844,None
5845,None
5852,None
5870,None
5871,None
5873,None
5879,None
5888,None
5907,None
5908,None
5926,None
5931,None
5939,None
5950,None
5967,None
6030,None
6032,None
6035,None
6036,None
6040,None
6041,None
6045,None
6058,None
6059,None
6069,None
6082,None
6083,None
6101,None
6131,None
6160,None
6175,None
6179,None
6181,None
6206,None
6235,None
6238,None
6240,None
6266,None
6267,None
6284,None
6288,None
6306,None
6367,None
6376,None
6377,None
6378,None
6381,None
6383,None
6425,None
6426,None
6437,None
6443,None
6444,None
6446,None
6458,None
6477,None
6530,None
6568,None
6595,None
6611,None
6627,None
6639,None
6643,None
6651,None
6678,None
6680,None
6681,None
6684,None
6699,None
6711,None
6719,None
6742,None
6744,None
6746,None
6757,None
6795,None
6796,None
6827,None
6829,None
6844,None
6858,None
6869,None
6878,None
6880,None
6885,None
6926,None
6977,None
7031,None
7041,None
7042,None
7046,None
7057,None
7061,None
7062,None
7065,None
7082,None
7092,None
7104,None
7119,None
7185,None
7188,None
7204,None
7222,None
7251,None
7268,None
7271,None
7274,None
7292,None
7293,None
7296,None
7331,None
7336,None
7381,None
7412,None
7417,None
7426,None
7447,None
7448,None
7465,None
7472,None
7473,None
7476,None
7477,None
7488,None
7491,None
7492,None
7500,None
7503,None
7506,None
7521,None
7537,None
7547,None
7551,None
7558,None
7560,None
7566,None
7568,None
7574,None
7586,None
7589,None
7597,None
7617,None
7630,None
7654,None
7657,None
7669,None
7673,None
7705,None
7706,None
7735,None
7748,None
7749,None
7774,None
7784,None
7803,None
7807,None
7813,None
7853,None
7860,None
7861,None
7889,None
7902,None
7907,None
7911,None
7925,None
7934,None
7940,None
7956,None
7962,None
8008,None
8035,None
8041,None
8058,None
8067,None
8090,None
8091,None
8102,None
8149,None
8163,None
8166,None
8187,None
8210,None
8230,None
8245,None
8258,None
8281,None
8297,None
8315,None
8317,None
8320,None
8326,None
8345,None
8361,None
8397,None
8410,None
8418,None
8428,None
8443,None
8448,None
8478,None
8498,None
8499,None
8528,None
8535,None
8547,None
8596,None
8604,None
8611,None
8618,None
8626,None
8633,None
8650,None
8655,None
8657,None
8676,None
8680,None
8725,None
8734,None
8758,None
8760,None
8769,None
8786,None
8806,None
8841,None
8859,None
8891,None
8934,None
8936,None
8940,None
8962,None
8989,None
9028,None
9030,None
9036,None
9046,None
9054,None
9071,None
9078,None
9086,None
9088,None
9099,None
9115,None
9116,None
9130,None
9134,None
9162,None
9168,None
9175,None
9180,None
9181,None
9194,None
9195,None
9214,None
9231,None
9253,None
9265,None
9320,None
9343,None
9346,None
9369,None
9373,None
9387,None
9391,None
9394,None
9396,None
9400,None
9401,None
9410,None
9425,None
9427,None
9465,None
9486,None
9493,None
9504,None
9507,None
9515,None
9518,None
9524,None
9531,None
9541,None
9550,None
9572,None
9582,None
9596,None
9606,None
9614,None
9624,None
9630,None
9682,None
9705,None
9713,None
9734,None
9738,None
9743,None
9755,None
9765,None
9785,None
9794,None
9816,None
9833,None
9843,None
9844,None
9853,None
9859,None
9893,None
9895,None
9937,None
9939,None
9942,None
9965,None
9985,None
9987,None
10012,None
10024,None
10035,None
10062,None
10070,None
10077,None
10091,None
10127,None
10130,None
10132,None
10150,None
10152,None
10153,None
10155,None
10164,None
10182,None
10195,None
10199,None
10216,None
10228,None
10251,None
10269,None
10285,None
10297,None
10310,None
10312,None
10324,None
10327,None
10330,None
10332,None
10339,None
10366,None
10388,None
10407,None
10426,None
10439,None
10441,None
10458,None
10473,None
10496,None
10505,None
10520,None
10529,None
10556,None
10569,None
10591,None
10602,None
10667,None
10673,None
10685,None
10707,None
10713,None
10718,None
10725,None
10727,None
10732,None
10733,None
10762,None
10767,None
10780,None
10788,None
10851,None
10857,None
10871,None
10880,None
10893,None
10894,None
10897,None
10900,None
10903,None
10923,None
10942,None
10979,None
10993,None
11020,None
11049,None
11052,None
11055,None
11063,None
11072,None
11073,None
11074,None
11077,None
11078,None
11079,None
11082,None
11084,None
11089,None
11090,None
11110,None
11120,None
11131,None
11151,None
11152,None
11172,None
11177,None
11195,None
11201,None
11253,None
11254,None
11274,None
11277,None
11279,None
11310,None
11348,None
11349,None
11390,None
11411,None
11413,None
11442,None
11444,None
11454,None
11456,None
11533,None
11537,None
11547,None
11563,None
11570,None
11591,None
11601,None
11608,None
11628,None
11634,None
11642,None
11649,None
11672,None
11677,None
11689,None
11705,None
11709,None
11714,None
11715,None
11731,None
11750,None
11764,None
11789,None
11794,None
11796,None
11800,None
11808,None
11829,None
11832,None
11873,None
11887,None
11904,None
11909,None
11910,None
11950,None
11952,None
11962,None
11982,None
11988,None
11993,None
11996,None
12038,None
12055,None
12065,None
12146,None
12173,None
12190,None
12202,None
12204,None
12209,None
12225,None
12231,None
12250,None
12253,None
12263,None
12267,None
12277,None
12311,None
12329,None
12334,None
12366,None
12383,None
12402,None
12410,None
12421,None
12440,None
12441,None
12451,None
12457,None
12473,None
12479,None
12483,None
12586,None
12590,None
12641,None
12676,None
12690,None
12714,None
12723,None
12725,None
12751,None
12782,None
12801,None
12810,None
12822,None
12823,None
12830,None
12838,None
12840,None
12852,None
12856,None
12863,None
12865,None
12872,None
12881,None
12888,None
12919,None
12945,None
12964,None
12971,None
12985,None
12989,None
13022,None
13026,None
13037,None
13040,None
13065,None
13083,None
13120,None
13146,None
13158,None
13164,None
13174,None
13192,None
13226,None
13238,None
13274,None
13293,None
13294,None
13317,None
13321,None
13329,None
13338,None
13361,None
13369,None
13394,None
13395,None
13402,None
13414,None
13415,None
13437,None
13446,None
13452,None
13472,None
13476,None
13497,None
13524,None
13536,None
13549,None
13577,None
13590,None
13603,None
13606,None
13610,None
13611,None
13626,None
13641,None
13643,None
13674,None
13677,None
13698,None
13743,None
13754,None
13800,None
13807,None
13811,None
13821,None
13824,None
13838,None
13845,None
13850,None
13853,None
13856,None
13861,None
13865,None
13871,None
13880,None
13894,None
13927,None
13942,None
13949,None
13950,None
13964,None
13971,None
14003,None
14014,None
14017,None
14073,None
14125,None
14154,None
14170,None
14174,None
14182,None
14187,None
14210,None
14224,None
14233,None
14250,None
14270,None
14280,None
14290,None
14295,None
14300,None
14326,None
14329,None
14332,None
14335,None
14339,None
14340,None
14352,None
14353,None
14369,None
14397,None
14400,None
14411,None
14422,None
14478,None
14499,None
14507,None
14513,None
14521,None
14523,None
14543,None
14559,None
14562,None
14575,None
14576,None
14578,None
14591,None
14593,None
14603,None
14615,None
14630,None
14649,None
14664,None
14665,None
14706,None
14722,None
14750,None
14752,None
14757,None
14758,None
14766,None
14787,None
14797,None
14808,None
14809,None
14818,None
14840,None
14862,None
14872,None
14875,None
14906,None
14914,None
14924,None
14949,None
14975,None
14982,None
15036,None
15038,None
15042,None
15059,None
15131,None
15145,None
15150,None
15163,None
15185,None
15203,None
15223,None
15225,None
15230,None
15231,None
15248,None
15266,None
15274,None
15287,None
15292,None
15305,None
15379,None
15399,None
15432,None
15449,None
15459,None
15461,None
15478,None
15481,None
15493,None
15496,None
15498,None
15506,None
15542,None
15572,None
15584,None
15614,None
15633,None
15643,None
15669,None
15672,None
15673,None
15680,None
15684,None
15691,None
15710,None
15729,None
15750,None
15763,None
15765,None
15772,None
15832,None
15836,None
15867,None
15878,None
15880,None
15884,None
15910,None
15926,None
15927,None
15938,None
15947,None
15959,None
15968,None
15970,None
15975,None
16005,None
16012,None
16038,None
16074,None
16088,None
16090,None
16093,None
16122,None
16124,None
16131,None
16143,None
16157,None
16160,None
16165,None
16175,None
16194,None
16198,None
16200,None
16221,None
16223,None
16226,None
16227,None
16230,None
16232,None
16259,None
16311,None
16313,None
16363,None
16370,None
16374,None
16377,None
16384,None
16403,None
16405,None
16417,None
16424,None
16446,None
16452,None
16455,None
16495,None
16523,None
16528,None
16537,None
16547,None
16554,None
16556,None
16557,None
16613,None
16622,None
16628,None
16640,None
16657,None
16661,None
16678,None
16687,None
16705,None
16728,None
16762,None
16768,None
16792,None
16798,None
16804,None
16846,None
16849,None
16858,None
16864,None
16891,None
16920,None
16932,None
16938,None
16966,None
16974,None
16989,None
16991,None
17000,None
17030,None
17076,None
17110,None
17153,None
17159,None
17173,None
17174,None
17187,None
17196,None
17212,None
17215,None
17225,None
17237,None
17244,None
17247,None
17248,None
17255,None
17267,None
17274,None
17275,None
17282,None
17284,None
17295,None
17298,None
17307,None
17331,None
17332,None
17333,None
17337,None
17338,None
17345,None
17375,None
17386,None
17403,None
17445,None
17449,None
17454,None
17463,None
17467,None
17478,None
17481,None
17508,None
17583,None
17600,None
17641,None
17658,None
17661,None
17667,None
17676,None
17690,None
17697,None
17704,None
17708,None
17716,None
17722,None
17761,None
17769,None
17783,None
17785,None
17787,None
17789,None
17792,None
17809,None
17814,None
17825,None
17829,None
17843,None
17909,None
17910,None
17916,None
17938,None
17939,None
17974,None
18009,None
18029,None
18041,None
18065,None
18083,None
18095,None
18106,None
18111,None
18112,None
18114,None
18141,None
18143,None
18180,None
18212,None
18220,None
18226,None
18242,None
18264,None
18285,None
18289,None
18290,None
18307,None
18321,None
18325,None
18349,None
18370,None
18394,None
18427,None
18431,None
18448,None
18451,None
18454,None
18462,None
18466,None
18492,None
18509,None
18511,None
18536,None
18559,None
18569,None
18576,None
18580,None
18583,None
18584,None
18634,None
18657,None
18660,None
18694,None
18700,None
18714,None
18733,None
18743,None
18746,None
18749,None
18757,None
18777,None
18784,None
18789,None
18804,None
18807,None
18857,None
18886,None
18887,None
18908,None
18911,None
18920,None
18926,None
18936,None
18938,None
18949,None
18950,None
18954,None
19019,None
19026,None
19038,None
19041,None
19048,None
19049,None
19073,None
19087,None
19090,None
19095,None
19108,None
19124,None
19125,None
19136,None
19163,None
19165,None
19167,None
19184,None
19204,None
19206,None
19214,None
19217,None
19220,None
19239,None
19282,None
19283,None
19284,None
19306,None
19308,None
19336,None
19375,None
19377,None
19378,None
19387,None
19409,None
19410,None
19422,None
19431,None
19449,None
19472,None
19477,None
19480,None
19483,None
19490,None
19498,None
19501,None
19504,None
19538,None
19540,None
19551,None
19558,None
19572,None
19588,None
19592,None
19593,None
19604,None
19621,None
19643,None
19654,None
19659,None
19676,None
19680,None
19682,None
19695,None
19708,None
19741,None
19747,None
19760,None
19765,None
19784,None
19797,None
19824,None
19839,None
19862,None
19868,None
19874,None
19884,None
19901,None
19931,None
19944,None
19961,None
19965,None
19967,None
19970,None
19971,None
19984,None
19991,None
19999,None
20020,None
20023,None
20032,None
20036,None
20040,None
20042,None
20075,None
20081,None
20089,None
20188,None
20198,None
20224,None
20254,None
20261,None
20286,None
20349,None
20355,None
20356,None
20367,None
20427,None
20447,None
20495,None
20506,None
20512,None
20528,None
20529,None
20532,None
20579,None
20583,None
20588,None
20594,None
20597,None
20613,None
20620,None
20621,None
20628,None
20637,None
20644,None
20656,None
20658,None
20671,None
20693,None
20704,None
20705,None
20709,None
20741,None
20752,None
20781,None
20797,None
20827,None
20871,None
20881,None
20886,None
20887,None
20896,None
20934,None
20966,None
20978,None
20995,None
21000,None
21007,None
21031,None
21034,None
21036,None
21043,None
21047,None
21065,None
21068,None
21123,None
21127,None
21155,None
21185,None
21187,None
21212,None
21248,None
21284,None
21287,None
21308,None
21314,None
21324,None
21325,None
21326,None
21335,None
21336,None
21339,None
21340,None
21346,None
21351,None
21356,None
21375,None
21381,None
21389,None
21390,None
21394,None
21395,None
21398,None
21433,None
21463,None
21469,None
21470,None
21471,None
21484,None
21497,None
21509,None
21510,None
21513,None
21514,None
21540,None
21548,None
21550,None
21558,None
21561,None
21566,None
21570,None
21589,None
21594,None
21609,None
21629,None
21631,None
21637,None
21649,None
21656,None
21663,None
21673,None
21683,None
21703,None
21716,None
21730,None
21753,None
21765,None
21777,None
21782,None
21794,None
21807,None
21826,None
21835,None
21844,None
21856,None
21862,None
21876,None
21901,None
21908,None
21911,None
21913,None
21927,None
21931,None
21942,None
21963,None
21990,None
22010,None
22027,None
22028,None
22035,None
22053,None
22075,None
22078,None
22079,None
22080,None
22109,None
22113,None
22129,None
22180,None
22218,None
22221,None
22271,None
22272,None
22274,None
22291,None
22293,None
22297,None
22355,None
22359,None
22361,None
22373,None
22382,None
22392,None
22410,None
22418,None
22432,None
22450,None
22460,None
22464,None
22465,None
22485,None
22488,None
22489,None
22496,None
22511,None
22518,None
22523,None
22524,None
22535,None
22547,None
22552,None
22564,None
22570,None
22577,None
22584,None
22594,None
22614,None
22633,None
22643,None
22644,None
22662,None
22668,None
22704,None
22768,None
22788,None
22816,None
22836,None
22845,None
22846,None
22851,None
22855,None
22862,None
22882,None
22892,None
22893,None
22904,None
22914,None
22922,None
22927,None
22950,None
22957,None
22968,None
22987,None
23004,None
23019,None
23029,None
23032,None
23051,None
23057,None
23062,None
23076,None
23102,None
23112,None
23118,None
23127,None
23134,None
23135,None
23137,None
23151,None
23154,None
23179,None
23196,None
23213,None
23214,None
23218,None
23219,None
23223,None
23241,None
23265,None
23266,None
23288,None
23291,None
23301,None
23318,None
23328,None
23354,None
23362,None
23379,None
23385,None
23390,None
23396,None
23424,None
23425,None
23431,None
23434,None
23442,None
23447,None
23459,None
23474,None
23479,None
23505,None
23511,None
23533,None
23534,None
23554,None
23556,None
23567,None
23576,None
23578,None
23592,None
23596,None
23599,None
23603,None
23617,None
23641,None
23653,None
23655,None
23668,None
23711,None
23730,None
23755,None
23763,None
23816,None
23826,None
23831,None
23833,None
23834,None
23836,None
23845,None
23860,None
23876,None
23919,None
23989,None
23994,None
41,Other
250,Other
389,Other
591,Other
706,Other
1137,Other
1141,Other
1772,Other
2164,Other
2463,Other
2698,Other
2704,Other
3128,Other
3256,Other
3369,Other
3563,Other
3912,Other
4170,Other
4473,Other
4648,Other
4979,Other
5100,Other
5546,Other
7184,Other
7322,Other
7742,Other
7994,Other
8037,Other
8241,Other
8312,Other
8467,Other
9451,Other
9698,Other
10007,Other
10270,Other
10480,Other
10488,Other
10664,Other
11027,Other
11259,Other
11756,Other
11775,Other
11825,Other
12127,Other
12956,Other
13077,Other
13548,Other
13847,Other
14315,Other
14432,Other
15431,Other
16469,Other
17465,Other
17698,Other
17922,Other
18235,Other
19500,Other
19641,Other
20102,Other
20246,Other
20768,Other
20867,Other
21083,Other
21430,Other
21446,Other
21512,Other
21658,Other
22094,Other
22667,Other
22711,Other
