ID,Monitor ML tool
114, Neptune.ai 
415, Neptune.ai 
440, Neptune.ai 
568, Neptune.ai 
633, Neptune.ai 
634, Neptune.ai 
652, Neptune.ai 
835, Neptune.ai 
893, Neptune.ai 
998, Neptune.ai 
1019, Neptune.ai 
1670, Neptune.ai 
1848, Neptune.ai 
2111, Neptune.ai 
2249, Neptune.ai 
2382, Neptune.ai 
2818, Neptune.ai 
3286, Neptune.ai 
3375, Neptune.ai 
3408, Neptune.ai 
3751, Neptune.ai 
4154, Neptune.ai 
4269, Neptune.ai 
4325, Neptune.ai 
4431, Neptune.ai 
4466, Neptune.ai 
4476, Neptune.ai 
4590, Neptune.ai 
4606, Neptune.ai 
4912, Neptune.ai 
5176, Neptune.ai 
5314, Neptune.ai 
5751, Neptune.ai 
6299, Neptune.ai 
6447, Neptune.ai 
6497, Neptune.ai 
6729, Neptune.ai 
6836, Neptune.ai 
7348, Neptune.ai 
7580, Neptune.ai 
7844, Neptune.ai 
7848, Neptune.ai 
7849, Neptune.ai 
7890, Neptune.ai 
7951, Neptune.ai 
8024, Neptune.ai 
8091, Neptune.ai 
8158, Neptune.ai 
8453, Neptune.ai 
8623, Neptune.ai 
8656, Neptune.ai 
8744, Neptune.ai 
8777, Neptune.ai 
8938, Neptune.ai 
9175, Neptune.ai 
9383, Neptune.ai 
9738, Neptune.ai 
9987, Neptune.ai 
10427, Neptune.ai 
10555, Neptune.ai 
10905, Neptune.ai 
10946, Neptune.ai 
11198, Neptune.ai 
11274, Neptune.ai 
11282, Neptune.ai 
11348, Neptune.ai 
11408, Neptune.ai 
11906, Neptune.ai 
11947, Neptune.ai 
12934, Neptune.ai 
13042, Neptune.ai 
13374, Neptune.ai 
13536, Neptune.ai 
13564, Neptune.ai 
13606, Neptune.ai 
13824, Neptune.ai 
13892, Neptune.ai 
13894, Neptune.ai 
14035, Neptune.ai 
14174, Neptune.ai 
14198, Neptune.ai 
14211, Neptune.ai 
14257, Neptune.ai 
14551, Neptune.ai 
14788, Neptune.ai 
14907, Neptune.ai 
15124, Neptune.ai 
16250, Neptune.ai 
16423, Neptune.ai 
16708, Neptune.ai 
17125, Neptune.ai 
17176, Neptune.ai 
17512, Neptune.ai 
17676, Neptune.ai 
18196, Neptune.ai 
18269, Neptune.ai 
18395, Neptune.ai 
18726, Neptune.ai 
18879, Neptune.ai 
19034, Neptune.ai 
19068, Neptune.ai 
19156, Neptune.ai 
19641, Neptune.ai 
20101, Neptune.ai 
20243, Neptune.ai 
20255, Neptune.ai 
20285, Neptune.ai 
20307, Neptune.ai 
20328, Neptune.ai 
20341, Neptune.ai 
20559, Neptune.ai 
20807, Neptune.ai 
21000, Neptune.ai 
21061, Neptune.ai 
21136, Neptune.ai 
21153, Neptune.ai 
21166, Neptune.ai 
21379, Neptune.ai 
21568, Neptune.ai 
22478, Neptune.ai 
22489, Neptune.ai 
22711, Neptune.ai 
22885, Neptune.ai 
23403, Neptune.ai 
23492, Neptune.ai 
23728, Neptune.ai 
23809, Neptune.ai 
23815, Neptune.ai 
3, Weights & Biases 
35, Weights & Biases 
43, Weights & Biases 
102, Weights & Biases 
123, Weights & Biases 
254, Weights & Biases 
378, Weights & Biases 
418, Weights & Biases 
440, Weights & Biases 
447, Weights & Biases 
481, Weights & Biases 
568, Weights & Biases 
633, Weights & Biases 
644, Weights & Biases 
679, Weights & Biases 
726, Weights & Biases 
728, Weights & Biases 
777, Weights & Biases 
806, Weights & Biases 
811, Weights & Biases 
867, Weights & Biases 
886, Weights & Biases 
893, Weights & Biases 
993, Weights & Biases 
1045, Weights & Biases 
1156, Weights & Biases 
1271, Weights & Biases 
1348, Weights & Biases 
1354, Weights & Biases 
1470, Weights & Biases 
1556, Weights & Biases 
1621, Weights & Biases 
1654, Weights & Biases 
1736, Weights & Biases 
1750, Weights & Biases 
1790, Weights & Biases 
1867, Weights & Biases 
1915, Weights & Biases 
1921, Weights & Biases 
1923, Weights & Biases 
1926, Weights & Biases 
2111, Weights & Biases 
2159, Weights & Biases 
2249, Weights & Biases 
2276, Weights & Biases 
2346, Weights & Biases 
2421, Weights & Biases 
2458, Weights & Biases 
2526, Weights & Biases 
2574, Weights & Biases 
2615, Weights & Biases 
2751, Weights & Biases 
2923, Weights & Biases 
2965, Weights & Biases 
2997, Weights & Biases 
3047, Weights & Biases 
3097, Weights & Biases 
3225, Weights & Biases 
3278, Weights & Biases 
3286, Weights & Biases 
3318, Weights & Biases 
3375, Weights & Biases 
3406, Weights & Biases 
3459, Weights & Biases 
3504, Weights & Biases 
3519, Weights & Biases 
3569, Weights & Biases 
3617, Weights & Biases 
3657, Weights & Biases 
3824, Weights & Biases 
3936, Weights & Biases 
4077, Weights & Biases 
4322, Weights & Biases 
4325, Weights & Biases 
4332, Weights & Biases 
4466, Weights & Biases 
4483, Weights & Biases 
4515, Weights & Biases 
4590, Weights & Biases 
4597, Weights & Biases 
4602, Weights & Biases 
4884, Weights & Biases 
4928, Weights & Biases 
5015, Weights & Biases 
5065, Weights & Biases 
5119, Weights & Biases 
5148, Weights & Biases 
5212, Weights & Biases 
5301, Weights & Biases 
5410, Weights & Biases 
5420, Weights & Biases 
5546, Weights & Biases 
5554, Weights & Biases 
5570, Weights & Biases 
5731, Weights & Biases 
5748, Weights & Biases 
5751, Weights & Biases 
5825, Weights & Biases 
5938, Weights & Biases 
5975, Weights & Biases 
6000, Weights & Biases 
6044, Weights & Biases 
6079, Weights & Biases 
6299, Weights & Biases 
6359, Weights & Biases 
6494, Weights & Biases 
6502, Weights & Biases 
6668, Weights & Biases 
6802, Weights & Biases 
6877, Weights & Biases 
6919, Weights & Biases 
6926, Weights & Biases 
7041, Weights & Biases 
7062, Weights & Biases 
7118, Weights & Biases 
7411, Weights & Biases 
7433, Weights & Biases 
7439, Weights & Biases 
7530, Weights & Biases 
7544, Weights & Biases 
7580, Weights & Biases 
7582, Weights & Biases 
7583, Weights & Biases 
7670, Weights & Biases 
7691, Weights & Biases 
7860, Weights & Biases 
7898, Weights & Biases 
7990, Weights & Biases 
8031, Weights & Biases 
8106, Weights & Biases 
8192, Weights & Biases 
8241, Weights & Biases 
8329, Weights & Biases 
8362, Weights & Biases 
8403, Weights & Biases 
8607, Weights & Biases 
8623, Weights & Biases 
8633, Weights & Biases 
8724, Weights & Biases 
8737, Weights & Biases 
8821, Weights & Biases 
8856, Weights & Biases 
8891, Weights & Biases 
8910, Weights & Biases 
8938, Weights & Biases 
8965, Weights & Biases 
9024, Weights & Biases 
9054, Weights & Biases 
9092, Weights & Biases 
9113, Weights & Biases 
9191, Weights & Biases 
9273, Weights & Biases 
9299, Weights & Biases 
9301, Weights & Biases 
9316, Weights & Biases 
9347, Weights & Biases 
9371, Weights & Biases 
9394, Weights & Biases 
9467, Weights & Biases 
9632, Weights & Biases 
9633, Weights & Biases 
9788, Weights & Biases 
9935, Weights & Biases 
9960, Weights & Biases 
10108, Weights & Biases 
10127, Weights & Biases 
10257, Weights & Biases 
10270, Weights & Biases 
10355, Weights & Biases 
10387, Weights & Biases 
10392, Weights & Biases 
10427, Weights & Biases 
10453, Weights & Biases 
10520, Weights & Biases 
10564, Weights & Biases 
10615, Weights & Biases 
10777, Weights & Biases 
10791, Weights & Biases 
10809, Weights & Biases 
10828, Weights & Biases 
10905, Weights & Biases 
10956, Weights & Biases 
10971, Weights & Biases 
11112, Weights & Biases 
11201, Weights & Biases 
11212, Weights & Biases 
11348, Weights & Biases 
11521, Weights & Biases 
11525, Weights & Biases 
11558, Weights & Biases 
11613, Weights & Biases 
11728, Weights & Biases 
11731, Weights & Biases 
11774, Weights & Biases 
11800, Weights & Biases 
11901, Weights & Biases 
12018, Weights & Biases 
12032, Weights & Biases 
12134, Weights & Biases 
12349, Weights & Biases 
12431, Weights & Biases 
12461, Weights & Biases 
12492, Weights & Biases 
12516, Weights & Biases 
12518, Weights & Biases 
12669, Weights & Biases 
12713, Weights & Biases 
12784, Weights & Biases 
12807, Weights & Biases 
13042, Weights & Biases 
13195, Weights & Biases 
13215, Weights & Biases 
13319, Weights & Biases 
13604, Weights & Biases 
13606, Weights & Biases 
13637, Weights & Biases 
13743, Weights & Biases 
13824, Weights & Biases 
13949, Weights & Biases 
14011, Weights & Biases 
14015, Weights & Biases 
14123, Weights & Biases 
14143, Weights & Biases 
14200, Weights & Biases 
14211, Weights & Biases 
14257, Weights & Biases 
14262, Weights & Biases 
14268, Weights & Biases 
14396, Weights & Biases 
14451, Weights & Biases 
14509, Weights & Biases 
14518, Weights & Biases 
14534, Weights & Biases 
14608, Weights & Biases 
14669, Weights & Biases 
14733, Weights & Biases 
14856, Weights & Biases 
14880, Weights & Biases 
14960, Weights & Biases 
14965, Weights & Biases 
14978, Weights & Biases 
15009, Weights & Biases 
15013, Weights & Biases 
15017, Weights & Biases 
15058, Weights & Biases 
15143, Weights & Biases 
15318, Weights & Biases 
15441, Weights & Biases 
15444, Weights & Biases 
15473, Weights & Biases 
15484, Weights & Biases 
15597, Weights & Biases 
15726, Weights & Biases 
15818, Weights & Biases 
15829, Weights & Biases 
15955, Weights & Biases 
15996, Weights & Biases 
15998, Weights & Biases 
16019, Weights & Biases 
16035, Weights & Biases 
16037, Weights & Biases 
16100, Weights & Biases 
16165, Weights & Biases 
16348, Weights & Biases 
16377, Weights & Biases 
16413, Weights & Biases 
16423, Weights & Biases 
16431, Weights & Biases 
16450, Weights & Biases 
16542, Weights & Biases 
16571, Weights & Biases 
16631, Weights & Biases 
16807, Weights & Biases 
16872, Weights & Biases 
16909, Weights & Biases 
16932, Weights & Biases 
16991, Weights & Biases 
16997, Weights & Biases 
17021, Weights & Biases 
17246, Weights & Biases 
17280, Weights & Biases 
17353, Weights & Biases 
17367, Weights & Biases 
17401, Weights & Biases 
17465, Weights & Biases 
17548, Weights & Biases 
17567, Weights & Biases 
17665, Weights & Biases 
17744, Weights & Biases 
17780, Weights & Biases 
17849, Weights & Biases 
17941, Weights & Biases 
17943, Weights & Biases 
18000, Weights & Biases 
18158, Weights & Biases 
18170, Weights & Biases 
18174, Weights & Biases 
18237, Weights & Biases 
18269, Weights & Biases 
18552, Weights & Biases 
18631, Weights & Biases 
18638, Weights & Biases 
18669, Weights & Biases 
18726, Weights & Biases 
18766, Weights & Biases 
18788, Weights & Biases 
18879, Weights & Biases 
18933, Weights & Biases 
19009, Weights & Biases 
19103, Weights & Biases 
19163, Weights & Biases 
19306, Weights & Biases 
19448, Weights & Biases 
19452, Weights & Biases 
19477, Weights & Biases 
19514, Weights & Biases 
19529, Weights & Biases 
19632, Weights & Biases 
19641, Weights & Biases 
19718, Weights & Biases 
19883, Weights & Biases 
20021, Weights & Biases 
20061, Weights & Biases 
20174, Weights & Biases 
20321, Weights & Biases 
20436, Weights & Biases 
20532, Weights & Biases 
20640, Weights & Biases 
20757, Weights & Biases 
20883, Weights & Biases 
20908, Weights & Biases 
21000, Weights & Biases 
21073, Weights & Biases 
21136, Weights & Biases 
21162, Weights & Biases 
21203, Weights & Biases 
21255, Weights & Biases 
21364, Weights & Biases 
21379, Weights & Biases 
21435, Weights & Biases 
21629, Weights & Biases 
21660, Weights & Biases 
21693, Weights & Biases 
21759, Weights & Biases 
21801, Weights & Biases 
21806, Weights & Biases 
21825, Weights & Biases 
21908, Weights & Biases 
22074, Weights & Biases 
22116, Weights & Biases 
22217, Weights & Biases 
22247, Weights & Biases 
22263, Weights & Biases 
22330, Weights & Biases 
22404, Weights & Biases 
22429, Weights & Biases 
22463, Weights & Biases 
22524, Weights & Biases 
22540, Weights & Biases 
22602, Weights & Biases 
22667, Weights & Biases 
22905, Weights & Biases 
22941, Weights & Biases 
23061, Weights & Biases 
23083, Weights & Biases 
23114, Weights & Biases 
23192, Weights & Biases 
23203, Weights & Biases 
23403, Weights & Biases 
23431, Weights & Biases 
23471, Weights & Biases 
23492, Weights & Biases 
23533, Weights & Biases 
23561, Weights & Biases 
23693, Weights & Biases 
23702, Weights & Biases 
23728, Weights & Biases 
23810, Weights & Biases 
23819, Weights & Biases 
23829, Weights & Biases 
23982, Weights & Biases 
246, Comet.ml 
580, Comet.ml 
633, Comet.ml 
893, Comet.ml 
1470, Comet.ml 
3168, Comet.ml 
3286, Comet.ml 
3375, Comet.ml 
3984, Comet.ml 
4156, Comet.ml 
4298, Comet.ml 
4325, Comet.ml 
4466, Comet.ml 
4986, Comet.ml 
5214, Comet.ml 
5751, Comet.ml 
5941, Comet.ml 
6299, Comet.ml 
6729, Comet.ml 
6897, Comet.ml 
8033, Comet.ml 
9369, Comet.ml 
9516, Comet.ml 
9545, Comet.ml 
10905, Comet.ml 
11190, Comet.ml 
12518, Comet.ml 
12915, Comet.ml 
13606, Comet.ml 
13974, Comet.ml 
14507, Comet.ml 
14608, Comet.ml 
14895, Comet.ml 
14978, Comet.ml 
15726, Comet.ml 
16251, Comet.ml 
16423, Comet.ml 
16777, Comet.ml 
16787, Comet.ml 
17744, Comet.ml 
18237, Comet.ml 
18562, Comet.ml 
18756, Comet.ml 
18879, Comet.ml 
19641, Comet.ml 
20328, Comet.ml 
20607, Comet.ml 
21153, Comet.ml 
21166, Comet.ml 
21379, Comet.ml 
21459, Comet.ml 
22154, Comet.ml 
22711, Comet.ml 
23230, Comet.ml 
23492, Comet.ml 
23553, Comet.ml 
3, TensorBoard 
13, TensorBoard 
16, TensorBoard 
43, TensorBoard 
48, TensorBoard 
110, TensorBoard 
172, TensorBoard 
200, TensorBoard 
236, TensorBoard 
237, TensorBoard 
336, TensorBoard 
378, TensorBoard 
402, TensorBoard 
425, TensorBoard 
440, TensorBoard 
448, TensorBoard 
449, TensorBoard 
472, TensorBoard 
483, TensorBoard 
557, TensorBoard 
568, TensorBoard 
580, TensorBoard 
633, TensorBoard 
634, TensorBoard 
643, TensorBoard 
644, TensorBoard 
687, TensorBoard 
711, TensorBoard 
733, TensorBoard 
776, TensorBoard 
786, TensorBoard 
806, TensorBoard 
811, TensorBoard 
820, TensorBoard 
867, TensorBoard 
875, TensorBoard 
893, TensorBoard 
899, TensorBoard 
979, TensorBoard 
993, TensorBoard 
998, TensorBoard 
1060, TensorBoard 
1090, TensorBoard 
1189, TensorBoard 
1277, TensorBoard 
1281, TensorBoard 
1303, TensorBoard 
1333, TensorBoard 
1354, TensorBoard 
1461, TensorBoard 
1470, TensorBoard 
1570, TensorBoard 
1573, TensorBoard 
1618, TensorBoard 
1621, TensorBoard 
1639, TensorBoard 
1641, TensorBoard 
1670, TensorBoard 
1689, TensorBoard 
1750, TensorBoard 
1774, TensorBoard 
1790, TensorBoard 
1810, TensorBoard 
1815, TensorBoard 
1824, TensorBoard 
1848, TensorBoard 
1890, TensorBoard 
1901, TensorBoard 
1915, TensorBoard 
1921, TensorBoard 
1926, TensorBoard 
1933, TensorBoard 
1937, TensorBoard 
1989, TensorBoard 
2029, TensorBoard 
2035, TensorBoard 
2067, TensorBoard 
2096, TensorBoard 
2108, TensorBoard 
2176, TensorBoard 
2218, TensorBoard 
2249, TensorBoard 
2272, TensorBoard 
2284, TensorBoard 
2313, TensorBoard 
2371, TensorBoard 
2395, TensorBoard 
2421, TensorBoard 
2428, TensorBoard 
2431, TensorBoard 
2463, TensorBoard 
2524, TensorBoard 
2526, TensorBoard 
2538, TensorBoard 
2539, TensorBoard 
2549, TensorBoard 
2574, TensorBoard 
2587, TensorBoard 
2589, TensorBoard 
2615, TensorBoard 
2619, TensorBoard 
2620, TensorBoard 
2650, TensorBoard 
2689, TensorBoard 
2705, TensorBoard 
2770, TensorBoard 
2818, TensorBoard 
2824, TensorBoard 
2827, TensorBoard 
2855, TensorBoard 
2894, TensorBoard 
2923, TensorBoard 
2924, TensorBoard 
2933, TensorBoard 
2997, TensorBoard 
3145, TensorBoard 
3168, TensorBoard 
3186, TensorBoard 
3209, TensorBoard 
3241, TensorBoard 
3244, TensorBoard 
3245, TensorBoard 
3257, TensorBoard 
3285, TensorBoard 
3286, TensorBoard 
3325, TensorBoard 
3357, TensorBoard 
3375, TensorBoard 
3377, TensorBoard 
3397, TensorBoard 
3414, TensorBoard 
3465, TensorBoard 
3469, TensorBoard 
3504, TensorBoard 
3569, TensorBoard 
3632, TensorBoard 
3642, TensorBoard 
3687, TensorBoard 
3739, TensorBoard 
3751, TensorBoard 
3779, TensorBoard 
3829, TensorBoard 
3907, TensorBoard 
3984, TensorBoard 
4069, TensorBoard 
4154, TensorBoard 
4167, TensorBoard 
4289, TensorBoard 
4295, TensorBoard 
4298, TensorBoard 
4325, TensorBoard 
4354, TensorBoard 
4423, TensorBoard 
4431, TensorBoard 
4466, TensorBoard 
4483, TensorBoard 
4524, TensorBoard 
4587, TensorBoard 
4590, TensorBoard 
4597, TensorBoard 
4623, TensorBoard 
4643, TensorBoard 
4688, TensorBoard 
4703, TensorBoard 
4734, TensorBoard 
4766, TensorBoard 
4835, TensorBoard 
4849, TensorBoard 
4884, TensorBoard 
4892, TensorBoard 
4915, TensorBoard 
4925, TensorBoard 
4928, TensorBoard 
4945, TensorBoard 
4951, TensorBoard 
4977, TensorBoard 
5022, TensorBoard 
5052, TensorBoard 
5056, TensorBoard 
5065, TensorBoard 
5070, TensorBoard 
5129, TensorBoard 
5179, TensorBoard 
5182, TensorBoard 
5212, TensorBoard 
5214, TensorBoard 
5218, TensorBoard 
5228, TensorBoard 
5260, TensorBoard 
5263, TensorBoard 
5294, TensorBoard 
5304, TensorBoard 
5314, TensorBoard 
5324, TensorBoard 
5350, TensorBoard 
5420, TensorBoard 
5429, TensorBoard 
5450, TensorBoard 
5493, TensorBoard 
5521, TensorBoard 
5554, TensorBoard 
5570, TensorBoard 
5602, TensorBoard 
5624, TensorBoard 
5635, TensorBoard 
5652, TensorBoard 
5701, TensorBoard 
5708, TensorBoard 
5716, TensorBoard 
5731, TensorBoard 
5748, TensorBoard 
5749, TensorBoard 
5751, TensorBoard 
5783, TensorBoard 
5797, TensorBoard 
5807, TensorBoard 
5825, TensorBoard 
5853, TensorBoard 
5882, TensorBoard 
5899, TensorBoard 
5919, TensorBoard 
5921, TensorBoard 
5948, TensorBoard 
5960, TensorBoard 
5989, TensorBoard 
5999, TensorBoard 
6000, TensorBoard 
6002, TensorBoard 
6079, TensorBoard 
6122, TensorBoard 
6139, TensorBoard 
6217, TensorBoard 
6249, TensorBoard 
6275, TensorBoard 
6299, TensorBoard 
6306, TensorBoard 
6327, TensorBoard 
6352, TensorBoard 
6359, TensorBoard 
6401, TensorBoard 
6469, TensorBoard 
6588, TensorBoard 
6595, TensorBoard 
6600, TensorBoard 
6620, TensorBoard 
6642, TensorBoard 
6673, TensorBoard 
6687, TensorBoard 
6731, TensorBoard 
6755, TensorBoard 
6819, TensorBoard 
6892, TensorBoard 
6897, TensorBoard 
6919, TensorBoard 
6926, TensorBoard 
7012, TensorBoard 
7037, TensorBoard 
7071, TensorBoard 
7112, TensorBoard 
7118, TensorBoard 
7196, TensorBoard 
7200, TensorBoard 
7225, TensorBoard 
7230, TensorBoard 
7240, TensorBoard 
7266, TensorBoard 
7267, TensorBoard 
7311, TensorBoard 
7322, TensorBoard 
7350, TensorBoard 
7352, TensorBoard 
7392, TensorBoard 
7459, TensorBoard 
7468, TensorBoard 
7492, TensorBoard 
7512, TensorBoard 
7513, TensorBoard 
7514, TensorBoard 
7530, TensorBoard 
7580, TensorBoard 
7582, TensorBoard 
7583, TensorBoard 
7613, TensorBoard 
7623, TensorBoard 
7628, TensorBoard 
7670, TensorBoard 
7689, TensorBoard 
7691, TensorBoard 
7706, TensorBoard 
7725, TensorBoard 
7739, TensorBoard 
7742, TensorBoard 
7757, TensorBoard 
7767, TensorBoard 
7830, TensorBoard 
7843, TensorBoard 
7848, TensorBoard 
7849, TensorBoard 
7890, TensorBoard 
7921, TensorBoard 
7932, TensorBoard 
7951, TensorBoard 
8013, TensorBoard 
8049, TensorBoard 
8055, TensorBoard 
8059, TensorBoard 
8060, TensorBoard 
8084, TensorBoard 
8087, TensorBoard 
8106, TensorBoard 
8115, TensorBoard 
8192, TensorBoard 
8256, TensorBoard 
8257, TensorBoard 
8329, TensorBoard 
8331, TensorBoard 
8403, TensorBoard 
8453, TensorBoard 
8611, TensorBoard 
8623, TensorBoard 
8656, TensorBoard 
8687, TensorBoard 
8706, TensorBoard 
8737, TensorBoard 
8750, TensorBoard 
8769, TensorBoard 
8777, TensorBoard 
8796, TensorBoard 
8805, TensorBoard 
8821, TensorBoard 
8844, TensorBoard 
8860, TensorBoard 
8861, TensorBoard 
8877, TensorBoard 
8896, TensorBoard 
8938, TensorBoard 
8947, TensorBoard 
9082, TensorBoard 
9085, TensorBoard 
9088, TensorBoard 
9147, TensorBoard 
9163, TensorBoard 
9245, TensorBoard 
9301, TensorBoard 
9316, TensorBoard 
9336, TensorBoard 
9347, TensorBoard 
9383, TensorBoard 
9454, TensorBoard 
9457, TensorBoard 
9467, TensorBoard 
9516, TensorBoard 
9531, TensorBoard 
9534, TensorBoard 
9614, TensorBoard 
9674, TensorBoard 
9742, TensorBoard 
9750, TensorBoard 
9755, TensorBoard 
9777, TensorBoard 
9793, TensorBoard 
9811, TensorBoard 
9824, TensorBoard 
9861, TensorBoard 
9862, TensorBoard 
9918, TensorBoard 
9955, TensorBoard 
9960, TensorBoard 
9978, TensorBoard 
10035, TensorBoard 
10117, TensorBoard 
10170, TensorBoard 
10176, TensorBoard 
10183, TensorBoard 
10209, TensorBoard 
10239, TensorBoard 
10244, TensorBoard 
10257, TensorBoard 
10263, TensorBoard 
10270, TensorBoard 
10272, TensorBoard 
10357, TensorBoard 
10358, TensorBoard 
10387, TensorBoard 
10389, TensorBoard 
10427, TensorBoard 
10435, TensorBoard 
10441, TensorBoard 
10450, TensorBoard 
10480, TensorBoard 
10541, TensorBoard 
10615, TensorBoard 
10631, TensorBoard 
10668, TensorBoard 
10671, TensorBoard 
10674, TensorBoard 
10692, TensorBoard 
10732, TensorBoard 
10761, TensorBoard 
10777, TensorBoard 
10779, TensorBoard 
10791, TensorBoard 
10809, TensorBoard 
10825, TensorBoard 
10851, TensorBoard 
10878, TensorBoard 
10905, TensorBoard 
10908, TensorBoard 
10946, TensorBoard 
11015, TensorBoard 
11055, TensorBoard 
11059, TensorBoard 
11146, TensorBoard 
11162, TensorBoard 
11167, TensorBoard 
11189, TensorBoard 
11198, TensorBoard 
11279, TensorBoard 
11282, TensorBoard 
11323, TensorBoard 
11348, TensorBoard 
11438, TensorBoard 
11440, TensorBoard 
11453, TensorBoard 
11470, TensorBoard 
11525, TensorBoard 
11553, TensorBoard 
11558, TensorBoard 
11562, TensorBoard 
11624, TensorBoard 
11642, TensorBoard 
11649, TensorBoard 
11678, TensorBoard 
11728, TensorBoard 
11749, TensorBoard 
11759, TensorBoard 
11767, TensorBoard 
11804, TensorBoard 
11816, TensorBoard 
11842, TensorBoard 
11855, TensorBoard 
11906, TensorBoard 
11956, TensorBoard 
12070, TensorBoard 
12124, TensorBoard 
12132, TensorBoard 
12163, TensorBoard 
12183, TensorBoard 
12199, TensorBoard 
12212, TensorBoard 
12224, TensorBoard 
12228, TensorBoard 
12249, TensorBoard 
12285, TensorBoard 
12349, TensorBoard 
12355, TensorBoard 
12431, TensorBoard 
12440, TensorBoard 
12473, TensorBoard 
12492, TensorBoard 
12570, TensorBoard 
12683, TensorBoard 
12751, TensorBoard 
12778, TensorBoard 
12784, TensorBoard 
12816, TensorBoard 
12895, TensorBoard 
13018, TensorBoard 
13025, TensorBoard 
13042, TensorBoard 
13053, TensorBoard 
13083, TensorBoard 
13085, TensorBoard 
13137, TensorBoard 
13195, TensorBoard 
13215, TensorBoard 
13232, TensorBoard 
13245, TensorBoard 
13280, TensorBoard 
13283, TensorBoard 
13290, TensorBoard 
13311, TensorBoard 
13359, TensorBoard 
13395, TensorBoard 
13475, TensorBoard 
13500, TensorBoard 
13532, TensorBoard 
13579, TensorBoard 
13606, TensorBoard 
13637, TensorBoard 
13665, TensorBoard 
13700, TensorBoard 
13704, TensorBoard 
13709, TensorBoard 
13717, TensorBoard 
13770, TensorBoard 
13786, TensorBoard 
13794, TensorBoard 
13801, TensorBoard 
13824, TensorBoard 
13841, TensorBoard 
13868, TensorBoard 
13886, TensorBoard 
13888, TensorBoard 
13922, TensorBoard 
13947, TensorBoard 
13958, TensorBoard 
13974, TensorBoard 
14011, TensorBoard 
14014, TensorBoard 
14015, TensorBoard 
14034, TensorBoard 
14120, TensorBoard 
14123, TensorBoard 
14139, TensorBoard 
14218, TensorBoard 
14257, TensorBoard 
14261, TensorBoard 
14262, TensorBoard 
14281, TensorBoard 
14378, TensorBoard 
14504, TensorBoard 
14509, TensorBoard 
14534, TensorBoard 
14551, TensorBoard 
14553, TensorBoard 
14574, TensorBoard 
14578, TensorBoard 
14608, TensorBoard 
14700, TensorBoard 
14720, TensorBoard 
14765, TensorBoard 
14775, TensorBoard 
14788, TensorBoard 
14895, TensorBoard 
14917, TensorBoard 
14956, TensorBoard 
14960, TensorBoard 
14965, TensorBoard 
14971, TensorBoard 
15009, TensorBoard 
15040, TensorBoard 
15058, TensorBoard 
15059, TensorBoard 
15077, TensorBoard 
15087, TensorBoard 
15096, TensorBoard 
15128, TensorBoard 
15143, TensorBoard 
15183, TensorBoard 
15226, TensorBoard 
15232, TensorBoard 
15260, TensorBoard 
15266, TensorBoard 
15333, TensorBoard 
15351, TensorBoard 
15419, TensorBoard 
15444, TensorBoard 
15495, TensorBoard 
15530, TensorBoard 
15581, TensorBoard 
15646, TensorBoard 
15681, TensorBoard 
15710, TensorBoard 
15732, TensorBoard 
15739, TensorBoard 
15794, TensorBoard 
15829, TensorBoard 
15848, TensorBoard 
15867, TensorBoard 
15988, TensorBoard 
15998, TensorBoard 
16129, TensorBoard 
16143, TensorBoard 
16153, TensorBoard 
16181, TensorBoard 
16226, TensorBoard 
16251, TensorBoard 
16337, TensorBoard 
16377, TensorBoard 
16423, TensorBoard 
16431, TensorBoard 
16457, TensorBoard 
16494, TensorBoard 
16500, TensorBoard 
16525, TensorBoard 
16571, TensorBoard 
16577, TensorBoard 
16625, TensorBoard 
16662, TensorBoard 
16699, TensorBoard 
16724, TensorBoard 
16737, TensorBoard 
16752, TensorBoard 
16765, TensorBoard 
16777, TensorBoard 
16795, TensorBoard 
16849, TensorBoard 
16864, TensorBoard 
16869, TensorBoard 
16909, TensorBoard 
16955, TensorBoard 
16968, TensorBoard 
17025, TensorBoard 
17046, TensorBoard 
17066, TensorBoard 
17125, TensorBoard 
17170, TensorBoard 
17189, TensorBoard 
17193, TensorBoard 
17213, TensorBoard 
17218, TensorBoard 
17222, TensorBoard 
17246, TensorBoard 
17256, TensorBoard 
17265, TensorBoard 
17276, TensorBoard 
17307, TensorBoard 
17310, TensorBoard 
17337, TensorBoard 
17353, TensorBoard 
17398, TensorBoard 
17401, TensorBoard 
17433, TensorBoard 
17465, TensorBoard 
17509, TensorBoard 
17515, TensorBoard 
17567, TensorBoard 
17618, TensorBoard 
17635, TensorBoard 
17664, TensorBoard 
17665, TensorBoard 
17690, TensorBoard 
17724, TensorBoard 
17739, TensorBoard 
17743, TensorBoard 
17744, TensorBoard 
17780, TensorBoard 
17806, TensorBoard 
17808, TensorBoard 
17858, TensorBoard 
17943, TensorBoard 
17970, TensorBoard 
18000, TensorBoard 
18056, TensorBoard 
18111, TensorBoard 
18158, TensorBoard 
18170, TensorBoard 
18210, TensorBoard 
18265, TensorBoard 
18292, TensorBoard 
18304, TensorBoard 
18327, TensorBoard 
18349, TensorBoard 
18378, TensorBoard 
18395, TensorBoard 
18440, TensorBoard 
18444, TensorBoard 
18478, TensorBoard 
18486, TensorBoard 
18562, TensorBoard 
18638, TensorBoard 
18702, TensorBoard 
18708, TensorBoard 
18725, TensorBoard 
18726, TensorBoard 
18766, TensorBoard 
18804, TensorBoard 
18807, TensorBoard 
18847, TensorBoard 
18859, TensorBoard 
18879, TensorBoard 
18923, TensorBoard 
18925, TensorBoard 
18933, TensorBoard 
18944, TensorBoard 
18966, TensorBoard 
19006, TensorBoard 
19009, TensorBoard 
19034, TensorBoard 
19103, TensorBoard 
19156, TensorBoard 
19242, TensorBoard 
19253, TensorBoard 
19273, TensorBoard 
19306, TensorBoard 
19346, TensorBoard 
19376, TensorBoard 
19392, TensorBoard 
19401, TensorBoard 
19428, TensorBoard 
19452, TensorBoard 
19514, TensorBoard 
19527, TensorBoard 
19529, TensorBoard 
19568, TensorBoard 
19630, TensorBoard 
19632, TensorBoard 
19641, TensorBoard 
19687, TensorBoard 
19709, TensorBoard 
19718, TensorBoard 
19722, TensorBoard 
19755, TensorBoard 
19815, TensorBoard 
19853, TensorBoard 
19857, TensorBoard 
19871, TensorBoard 
19877, TensorBoard 
19883, TensorBoard 
19885, TensorBoard 
19890, TensorBoard 
20021, TensorBoard 
20022, TensorBoard 
20100, TensorBoard 
20101, TensorBoard 
20124, TensorBoard 
20137, TensorBoard 
20156, TensorBoard 
20256, TensorBoard 
20307, TensorBoard 
20355, TensorBoard 
20412, TensorBoard 
20445, TensorBoard 
20479, TensorBoard 
20554, TensorBoard 
20556, TensorBoard 
20628, TensorBoard 
20640, TensorBoard 
20725, TensorBoard 
20777, TensorBoard 
20791, TensorBoard 
20807, TensorBoard 
20809, TensorBoard 
20837, TensorBoard 
20877, TensorBoard 
20906, TensorBoard 
20921, TensorBoard 
20945, TensorBoard 
21063, TensorBoard 
21119, TensorBoard 
21136, TensorBoard 
21153, TensorBoard 
21166, TensorBoard 
21171, TensorBoard 
21179, TensorBoard 
21193, TensorBoard 
21209, TensorBoard 
21237, TensorBoard 
21255, TensorBoard 
21325, TensorBoard 
21366, TensorBoard 
21386, TensorBoard 
21391, TensorBoard 
21422, TensorBoard 
21430, TensorBoard 
21437, TensorBoard 
21473, TensorBoard 
21578, TensorBoard 
21584, TensorBoard 
21598, TensorBoard 
21673, TensorBoard 
21693, TensorBoard 
21727, TensorBoard 
21730, TensorBoard 
21759, TensorBoard 
21812, TensorBoard 
21825, TensorBoard 
21849, TensorBoard 
21859, TensorBoard 
21911, TensorBoard 
22068, TensorBoard 
22072, TensorBoard 
22074, TensorBoard 
22086, TensorBoard 
22091, TensorBoard 
22095, TensorBoard 
22102, TensorBoard 
22141, TensorBoard 
22147, TensorBoard 
22197, TensorBoard 
22202, TensorBoard 
22217, TensorBoard 
22224, TensorBoard 
22247, TensorBoard 
22263, TensorBoard 
22287, TensorBoard 
22330, TensorBoard 
22332, TensorBoard 
22344, TensorBoard 
22401, TensorBoard 
22436, TensorBoard 
22463, TensorBoard 
22478, TensorBoard 
22482, TensorBoard 
22511, TensorBoard 
22512, TensorBoard 
22521, TensorBoard 
22560, TensorBoard 
22599, TensorBoard 
22695, TensorBoard 
22729, TensorBoard 
22854, TensorBoard 
22868, TensorBoard 
22874, TensorBoard 
22899, TensorBoard 
22955, TensorBoard 
22965, TensorBoard 
22984, TensorBoard 
23062, TensorBoard 
23083, TensorBoard 
23095, TensorBoard 
23121, TensorBoard 
23144, TensorBoard 
23155, TensorBoard 
23160, TensorBoard 
23164, TensorBoard 
23165, TensorBoard 
23224, TensorBoard 
23230, TensorBoard 
23262, TensorBoard 
23286, TensorBoard 
23289, TensorBoard 
23328, TensorBoard 
23352, TensorBoard 
23403, TensorBoard 
23407, TensorBoard 
23409, TensorBoard 
23445, TensorBoard 
23455, TensorBoard 
23459, TensorBoard 
23472, TensorBoard 
23492, TensorBoard 
23521, TensorBoard 
23527, TensorBoard 
23537, TensorBoard 
23575, TensorBoard 
23617, TensorBoard 
23641, TensorBoard 
23655, TensorBoard 
23669, TensorBoard 
23682, TensorBoard 
23692, TensorBoard 
23722, TensorBoard 
23728, TensorBoard 
23746, TensorBoard 
23771, TensorBoard 
23796, TensorBoard 
23818, TensorBoard 
23836, TensorBoard 
23871, TensorBoard 
23917, TensorBoard 
23934, TensorBoard 
23963, TensorBoard 
23982, TensorBoard 
633, Guild.ai 
2249, Guild.ai 
3286, Guild.ai 
3375, Guild.ai 
4325, Guild.ai 
4466, Guild.ai 
4986, Guild.ai 
5160, Guild.ai 
5331, Guild.ai 
5751, Guild.ai 
6160, Guild.ai 
7041, Guild.ai 
8656, Guild.ai 
8673, Guild.ai 
9545, Guild.ai 
10183, Guild.ai 
10697, Guild.ai 
10905, Guild.ai 
10956, Guild.ai 
12784, Guild.ai 
13606, Guild.ai 
13958, Guild.ai 
14143, Guild.ai 
15650, Guild.ai 
16251, Guild.ai 
17951, Guild.ai 
19068, Guild.ai 
19156, Guild.ai 
19527, Guild.ai 
19641, Guild.ai 
20243, Guild.ai 
21153, Guild.ai 
21379, Guild.ai 
22711, Guild.ai 
23553, Guild.ai 
203, ClearML 
406, ClearML 
580, ClearML 
633, ClearML 
893, ClearML 
1156, ClearML 
3286, ClearML 
3375, ClearML 
3642, ClearML 
3756, ClearML 
3987, ClearML 
4046, ClearML 
4325, ClearML 
4466, ClearML 
4590, ClearML 
4606, ClearML 
5294, ClearML 
5410, ClearML 
5521, ClearML 
5546, ClearML 
5748, ClearML 
5751, ClearML 
6249, ClearML 
6299, ClearML 
6496, ClearML 
6497, ClearML 
6897, ClearML 
7037, ClearML 
7041, ClearML 
7880, ClearML 
8060, ClearML 
8158, ClearML 
8737, ClearML 
8786, ClearML 
8860, ClearML 
9549, ClearML 
9632, ClearML 
9750, ClearML 
10183, ClearML 
10427, ClearML 
10692, ClearML 
10762, ClearML 
10905, ClearML 
11190, ClearML 
12611, ClearML 
12675, ClearML 
13311, ClearML 
13606, ClearML 
14143, ClearML 
14211, ClearML 
14262, ClearML 
14268, ClearML 
14788, ClearML 
14960, ClearML 
16100, ClearML 
16787, ClearML 
17040, ClearML 
17353, ClearML 
17744, ClearML 
17951, ClearML 
18113, ClearML 
18370, ClearML 
18395, ClearML 
18999, ClearML 
19641, ClearML 
19722, ClearML 
19739, ClearML 
20881, ClearML 
21153, ClearML 
21166, ClearML 
21379, ClearML 
21578, ClearML 
21683, ClearML 
13, MLflow 
16, MLflow 
17, MLflow 
18, MLflow 
83, MLflow 
110, MLflow 
123, MLflow 
203, MLflow 
237, MLflow 
244, MLflow 
261, MLflow 
378, MLflow 
415, MLflow 
425, MLflow 
449, MLflow 
450, MLflow 
537, MLflow 
557, MLflow 
591, MLflow 
626, MLflow 
633, MLflow 
693, MLflow 
705, MLflow 
711, MLflow 
787, MLflow 
797, MLflow 
836, MLflow 
843, MLflow 
867, MLflow 
886, MLflow 
893, MLflow 
928, MLflow 
932, MLflow 
952, MLflow 
1019, MLflow 
1045, MLflow 
1146, MLflow 
1156, MLflow 
1171, MLflow 
1321, MLflow 
1333, MLflow 
1384, MLflow 
1528, MLflow 
1573, MLflow 
1626, MLflow 
1639, MLflow 
1654, MLflow 
1669, MLflow 
1746, MLflow 
1764, MLflow 
1772, MLflow 
1774, MLflow 
1788, MLflow 
1810, MLflow 
1815, MLflow 
1818, MLflow 
1824, MLflow 
1867, MLflow 
1890, MLflow 
1917, MLflow 
1926, MLflow 
1937, MLflow 
1989, MLflow 
2012, MLflow 
2057, MLflow 
2076, MLflow 
2096, MLflow 
2106, MLflow 
2108, MLflow 
2249, MLflow 
2258, MLflow 
2276, MLflow 
2281, MLflow 
2334, MLflow 
2425, MLflow 
2583, MLflow 
2615, MLflow 
2650, MLflow 
2689, MLflow 
2705, MLflow 
2817, MLflow 
2818, MLflow 
2836, MLflow 
2887, MLflow 
2924, MLflow 
2965, MLflow 
2997, MLflow 
3097, MLflow 
3168, MLflow 
3244, MLflow 
3245, MLflow 
3278, MLflow 
3285, MLflow 
3286, MLflow 
3288, MLflow 
3325, MLflow 
3371, MLflow 
3375, MLflow 
3504, MLflow 
3511, MLflow 
3522, MLflow 
3542, MLflow 
3569, MLflow 
3609, MLflow 
3682, MLflow 
3739, MLflow 
3756, MLflow 
3779, MLflow 
3837, MLflow 
3870, MLflow 
3912, MLflow 
3966, MLflow 
4115, MLflow 
4130, MLflow 
4167, MLflow 
4261, MLflow 
4298, MLflow 
4319, MLflow 
4322, MLflow 
4325, MLflow 
4332, MLflow 
4333, MLflow 
4423, MLflow 
4466, MLflow 
4545, MLflow 
4588, MLflow 
4590, MLflow 
4606, MLflow 
4612, MLflow 
4806, MLflow 
4849, MLflow 
4863, MLflow 
4974, MLflow 
4984, MLflow 
5056, MLflow 
5065, MLflow 
5078, MLflow 
5094, MLflow 
5119, MLflow 
5160, MLflow 
5194, MLflow 
5212, MLflow 
5260, MLflow 
5269, MLflow 
5289, MLflow 
5294, MLflow 
5324, MLflow 
5400, MLflow 
5419, MLflow 
5570, MLflow 
5652, MLflow 
5665, MLflow 
5675, MLflow 
5690, MLflow 
5708, MLflow 
5748, MLflow 
5751, MLflow 
5825, MLflow 
5841, MLflow 
5921, MLflow 
5941, MLflow 
5969, MLflow 
5975, MLflow 
5997, MLflow 
6002, MLflow 
6024, MLflow 
6070, MLflow 
6102, MLflow 
6131, MLflow 
6217, MLflow 
6269, MLflow 
6275, MLflow 
6276, MLflow 
6288, MLflow 
6299, MLflow 
6367, MLflow 
6401, MLflow 
6447, MLflow 
6496, MLflow 
6497, MLflow 
6533, MLflow 
6586, MLflow 
6600, MLflow 
6620, MLflow 
6711, MLflow 
6731, MLflow 
6836, MLflow 
6897, MLflow 
6919, MLflow 
6926, MLflow 
6950, MLflow 
6966, MLflow 
7009, MLflow 
7037, MLflow 
7118, MLflow 
7171, MLflow 
7196, MLflow 
7226, MLflow 
7230, MLflow 
7267, MLflow 
7271, MLflow 
7325, MLflow 
7395, MLflow 
7412, MLflow 
7418, MLflow 
7439, MLflow 
7443, MLflow 
7537, MLflow 
7544, MLflow 
7597, MLflow 
7617, MLflow 
7628, MLflow 
7697, MLflow 
7777, MLflow 
7807, MLflow 
7820, MLflow 
7828, MLflow 
7830, MLflow 
7848, MLflow 
7890, MLflow 
7898, MLflow 
7908, MLflow 
7990, MLflow 
8031, MLflow 
8033, MLflow 
8049, MLflow 
8084, MLflow 
8091, MLflow 
8106, MLflow 
8155, MLflow 
8210, MLflow 
8227, MLflow 
8237, MLflow 
8373, MLflow 
8542, MLflow 
8549, MLflow 
8585, MLflow 
8607, MLflow 
8628, MLflow 
8671, MLflow 
8750, MLflow 
8783, MLflow 
8786, MLflow 
8824, MLflow 
8844, MLflow 
8856, MLflow 
8860, MLflow 
8877, MLflow 
8988, MLflow 
9071, MLflow 
9085, MLflow 
9245, MLflow 
9297, MLflow 
9301, MLflow 
9467, MLflow 
9476, MLflow 
9507, MLflow 
9534, MLflow 
9622, MLflow 
9731, MLflow 
9737, MLflow 
9738, MLflow 
9750, MLflow 
9810, MLflow 
9873, MLflow 
9960, MLflow 
10052, MLflow 
10108, MLflow 
10117, MLflow 
10170, MLflow 
10174, MLflow 
10176, MLflow 
10183, MLflow 
10196, MLflow 
10239, MLflow 
10242, MLflow 
10257, MLflow 
10263, MLflow 
10270, MLflow 
10292, MLflow 
10312, MLflow 
10350, MLflow 
10355, MLflow 
10427, MLflow 
10505, MLflow 
10529, MLflow 
10555, MLflow 
10558, MLflow 
10561, MLflow 
10585, MLflow 
10615, MLflow 
10664, MLflow 
10692, MLflow 
10743, MLflow 
10777, MLflow 
10789, MLflow 
10791, MLflow 
10828, MLflow 
10878, MLflow 
10880, MLflow 
10905, MLflow 
10946, MLflow 
11078, MLflow 
11131, MLflow 
11162, MLflow 
11167, MLflow 
11197, MLflow 
11215, MLflow 
11236, MLflow 
11266, MLflow 
11282, MLflow 
11360, MLflow 
11374, MLflow 
11504, MLflow 
11521, MLflow 
11537, MLflow 
11553, MLflow 
11600, MLflow 
11616, MLflow 
11678, MLflow 
11724, MLflow 
11749, MLflow 
11767, MLflow 
11799, MLflow 
11800, MLflow 
11801, MLflow 
11820, MLflow 
11906, MLflow 
11985, MLflow 
11988, MLflow 
12013, MLflow 
12061, MLflow 
12086, MLflow 
12132, MLflow 
12148, MLflow 
12163, MLflow 
12181, MLflow 
12199, MLflow 
12212, MLflow 
12355, MLflow 
12440, MLflow 
12473, MLflow 
12518, MLflow 
12536, MLflow 
12638, MLflow 
12659, MLflow 
12675, MLflow 
12768, MLflow 
12803, MLflow 
12807, MLflow 
12810, MLflow 
12822, MLflow 
12863, MLflow 
12881, MLflow 
12908, MLflow 
12934, MLflow 
12991, MLflow 
13018, MLflow 
13158, MLflow 
13195, MLflow 
13243, MLflow 
13266, MLflow 
13311, MLflow 
13415, MLflow 
13429, MLflow 
13475, MLflow 
13476, MLflow 
13532, MLflow 
13590, MLflow 
13604, MLflow 
13606, MLflow 
13637, MLflow 
13681, MLflow 
13691, MLflow 
13700, MLflow 
13709, MLflow 
13786, MLflow 
13794, MLflow 
13824, MLflow 
13831, MLflow 
13850, MLflow 
13892, MLflow 
13922, MLflow 
14011, MLflow 
14015, MLflow 
14120, MLflow 
14139, MLflow 
14143, MLflow 
14187, MLflow 
14339, MLflow 
14353, MLflow 
14359, MLflow 
14419, MLflow 
14451, MLflow 
14508, MLflow 
14534, MLflow 
14543, MLflow 
14551, MLflow 
14556, MLflow 
14574, MLflow 
14595, MLflow 
14628, MLflow 
14639, MLflow 
14723, MLflow 
14728, MLflow 
14744, MLflow 
14788, MLflow 
14795, MLflow 
14838, MLflow 
14840, MLflow 
14930, MLflow 
14965, MLflow 
14971, MLflow 
14978, MLflow 
15049, MLflow 
15124, MLflow 
15172, MLflow 
15223, MLflow 
15225, MLflow 
15248, MLflow 
15305, MLflow 
15335, MLflow 
15342, MLflow 
15441, MLflow 
15496, MLflow 
15514, MLflow 
15580, MLflow 
15581, MLflow 
15597, MLflow 
15726, MLflow 
15754, MLflow 
15796, MLflow 
15819, MLflow 
15829, MLflow 
15970, MLflow 
15988, MLflow 
15996, MLflow 
15998, MLflow 
16030, MLflow 
16072, MLflow 
16153, MLflow 
16227, MLflow 
16232, MLflow 
16250, MLflow 
16251, MLflow 
16423, MLflow 
16431, MLflow 
16474, MLflow 
16475, MLflow 
16499, MLflow 
16631, MLflow 
16662, MLflow 
16737, MLflow 
16777, MLflow 
16781, MLflow 
16872, MLflow 
16891, MLflow 
16991, MLflow 
16997, MLflow 
17037, MLflow 
17066, MLflow 
17154, MLflow 
17170, MLflow 
17193, MLflow 
17212, MLflow 
17215, MLflow 
17237, MLflow 
17246, MLflow 
17248, MLflow 
17323, MLflow 
17333, MLflow 
17337, MLflow 
17352, MLflow 
17398, MLflow 
17465, MLflow 
17486, MLflow 
17572, MLflow 
17600, MLflow 
17681, MLflow 
17683, MLflow 
17690, MLflow 
17724, MLflow 
17743, MLflow 
17780, MLflow 
17787, MLflow 
17804, MLflow 
17929, MLflow 
17984, MLflow 
18018, MLflow 
18056, MLflow 
18060, MLflow 
18111, MLflow 
18158, MLflow 
18196, MLflow 
18290, MLflow 
18302, MLflow 
18413, MLflow 
18428, MLflow 
18478, MLflow 
18505, MLflow 
18552, MLflow 
18562, MLflow 
18582, MLflow 
18638, MLflow 
18788, MLflow 
18811, MLflow 
18853, MLflow 
18923, MLflow 
18944, MLflow 
18966, MLflow 
19006, MLflow 
19009, MLflow 
19015, MLflow 
19042, MLflow 
19073, MLflow 
19087, MLflow 
19089, MLflow 
19156, MLflow 
19200, MLflow 
19232, MLflow 
19253, MLflow 
19280, MLflow 
19282, MLflow 
19308, MLflow 
19337, MLflow 
19346, MLflow 
19468, MLflow 
19477, MLflow 
19568, MLflow 
19604, MLflow 
19632, MLflow 
19641, MLflow 
19645, MLflow 
19682, MLflow 
19727, MLflow 
19754, MLflow 
19823, MLflow 
19840, MLflow 
19861, MLflow 
19875, MLflow 
19883, MLflow 
19885, MLflow 
19965, MLflow 
19971, MLflow 
20021, MLflow 
20058, MLflow 
20137, MLflow 
20255, MLflow 
20286, MLflow 
20341, MLflow 
20412, MLflow 
20494, MLflow 
20527, MLflow 
20536, MLflow 
20537, MLflow 
20559, MLflow 
20647, MLflow 
20671, MLflow 
20746, MLflow 
20756, MLflow 
20760, MLflow 
20777, MLflow 
20809, MLflow 
20848, MLflow 
20883, MLflow 
20908, MLflow 
20933, MLflow 
20956, MLflow 
21000, MLflow 
21062, MLflow 
21063, MLflow 
21068, MLflow 
21109, MLflow 
21136, MLflow 
21153, MLflow 
21155, MLflow 
21166, MLflow 
21179, MLflow 
21209, MLflow 
21308, MLflow 
21325, MLflow 
21335, MLflow 
21336, MLflow 
21357, MLflow 
21364, MLflow 
21379, MLflow 
21385, MLflow 
21386, MLflow 
21391, MLflow 
21422, MLflow 
21534, MLflow 
21578, MLflow 
21586, MLflow 
21590, MLflow 
21637, MLflow 
21656, MLflow 
21696, MLflow 
21740, MLflow 
21753, MLflow 
21780, MLflow 
21938, MLflow 
22072, MLflow 
22074, MLflow 
22076, MLflow 
22095, MLflow 
22114, MLflow 
22157, MLflow 
22162, MLflow 
22197, MLflow 
22202, MLflow 
22217, MLflow 
22251, MLflow 
22330, MLflow 
22463, MLflow 
22478, MLflow 
22482, MLflow 
22489, MLflow 
22521, MLflow 
22540, MLflow 
22543, MLflow 
22560, MLflow 
22599, MLflow 
22615, MLflow 
22619, MLflow 
22668, MLflow 
22692, MLflow 
22695, MLflow 
22856, MLflow 
22879, MLflow 
22968, MLflow 
22991, MLflow 
23057, MLflow 
23061, MLflow 
23110, MLflow 
23160, MLflow 
23165, MLflow 
23203, MLflow 
23230, MLflow 
23262, MLflow 
23289, MLflow 
23305, MLflow 
23330, MLflow 
23403, MLflow 
23437, MLflow 
23452, MLflow 
23471, MLflow 
23492, MLflow 
23511, MLflow 
23575, MLflow 
23618, MLflow 
23655, MLflow 
23692, MLflow 
23693, MLflow 
23796, MLflow 
23810, MLflow 
23829, MLflow 
23919, MLflow 
23963, MLflow 
23989, MLflow 
580, Aporia 
633, Aporia 
2198, Aporia 
3286, Aporia 
3375, Aporia 
4325, Aporia 
4466, Aporia 
5294, Aporia 
5751, Aporia 
6299, Aporia 
7951, Aporia 
8145, Aporia 
8158, Aporia 
10183, Aporia 
10905, Aporia 
12072, Aporia 
13606, Aporia 
16787, Aporia 
17676, Aporia 
18999, Aporia 
19641, Aporia 
19682, Aporia 
21379, Aporia 
23618, Aporia 
633, Evidently AI 
1470, Evidently AI 
1639, Evidently AI 
1774, Evidently AI 
2249, Evidently AI 
3286, Evidently AI 
3375, Evidently AI 
3520, Evidently AI 
4298, Evidently AI 
4325, Evidently AI 
4466, Evidently AI 
5143, Evidently AI 
5254, Evidently AI 
5546, Evidently AI 
5751, Evidently AI 
5816, Evidently AI 
6299, Evidently AI 
6826, Evidently AI 
7748, Evidently AI 
9369, Evidently AI 
9750, Evidently AI 
10292, Evidently AI 
10355, Evidently AI 
10496, Evidently AI 
10905, Evidently AI 
10957, Evidently AI 
11197, Evidently AI 
11521, Evidently AI 
11826, Evidently AI 
13476, Evidently AI 
13532, Evidently AI 
13606, Evidently AI 
13708, Evidently AI 
14211, Evidently AI 
14504, Evidently AI 
14744, Evidently AI 
15829, Evidently AI 
15970, Evidently AI 
16251, Evidently AI 
16891, Evidently AI 
17465, Evidently AI 
19604, Evidently AI 
19641, Evidently AI 
19754, Evidently AI 
20243, Evidently AI 
21379, Evidently AI 
21534, Evidently AI 
21578, Evidently AI 
21959, Evidently AI 
22711, Evidently AI 
23057, Evidently AI 
23682, Evidently AI 
246, Arize 
633, Arize 
2249, Arize 
2562, Arize 
3286, Arize 
3375, Arize 
4325, Arize 
4466, Arize 
4848, Arize 
5410, Arize 
5521, Arize 
5751, Arize 
5782, Arize 
6217, Arize 
6299, Arize 
6352, Arize 
8033, Arize 
9895, Arize 
10183, Arize 
10905, Arize 
11411, Arize 
12072, Arize 
12725, Arize 
13042, Arize 
13311, Arize 
13319, Arize 
13606, Arize 
13892, Arize 
15473, Arize 
15597, Arize 
16985, Arize 
17141, Arize 
17248, Arize 
18237, Arize 
18269, Arize 
19641, Arize 
20243, Arize 
20990, Arize 
23553, Arize 
633, WhyLabs 
893, WhyLabs 
1841, WhyLabs 
3286, WhyLabs 
3375, WhyLabs 
3572, WhyLabs 
4269, WhyLabs 
4325, WhyLabs 
4466, WhyLabs 
4606, WhyLabs 
4783, WhyLabs 
5751, WhyLabs 
6299, WhyLabs 
6717, WhyLabs 
8158, WhyLabs 
8673, WhyLabs 
10762, WhyLabs 
10905, WhyLabs 
10957, WhyLabs 
12611, WhyLabs 
12934, WhyLabs 
13606, WhyLabs 
14268, WhyLabs 
14983, WhyLabs 
16250, WhyLabs 
19068, WhyLabs 
19641, WhyLabs 
20101, WhyLabs 
21061, WhyLabs 
21153, WhyLabs 
21379, WhyLabs 
22202, WhyLabs 
341, Fiddler 
633, Fiddler 
886, Fiddler 
893, Fiddler 
1670, Fiddler 
1757, Fiddler 
3257, Fiddler 
3286, Fiddler 
3375, Fiddler 
3572, Fiddler 
3642, Fiddler 
4325, Fiddler 
4440, Fiddler 
4466, Fiddler 
4875, Fiddler 
4974, Fiddler 
5357, Fiddler 
5546, Fiddler 
5624, Fiddler 
5635, Fiddler 
5751, Fiddler 
5782, Fiddler 
7162, Fiddler 
7171, Fiddler 
7200, Fiddler 
7248, Fiddler 
8033, Fiddler 
8177, Fiddler 
8568, Fiddler 
8624, Fiddler 
8837, Fiddler 
10426, Fiddler 
10443, Fiddler 
10878, Fiddler 
10905, Fiddler 
11059, Fiddler 
11081, Fiddler 
13606, Fiddler 
13708, Fiddler 
14775, Fiddler 
16382, Fiddler 
17331, Fiddler 
17337, Fiddler 
17401, Fiddler 
17433, Fiddler 
17698, Fiddler 
17743, Fiddler 
17780, Fiddler 
18505, Fiddler 
18766, Fiddler 
18880, Fiddler 
19641, Fiddler 
19722, Fiddler 
20032, Fiddler 
20243, Fiddler 
20956, Fiddler 
21166, Fiddler 
21379, Fiddler 
21435, Fiddler 
21551, Fiddler 
22068, Fiddler 
22251, Fiddler 
22361, Fiddler 
23553, Fiddler 
23815, Fiddler 
244, DVC 
268, DVC 
378, DVC 
633, DVC 
797, DVC 
1176, DVC 
1271, DVC 
1405, DVC 
1421, DVC 
1639, DVC 
1867, DVC 
2015, DVC 
2039, DVC 
2076, DVC 
2615, DVC 
3286, DVC 
3375, DVC 
3687, DVC 
3804, DVC 
4046, DVC 
4167, DVC 
4295, DVC 
4298, DVC 
4319, DVC 
4325, DVC 
4431, DVC 
4466, DVC 
4588, DVC 
4612, DVC 
5437, DVC 
5521, DVC 
5751, DVC 
5782, DVC 
6070, DVC 
6299, DVC 
6497, DVC 
6711, DVC 
6950, DVC 
7152, DVC 
7395, DVC 
7544, DVC 
7697, DVC 
7820, DVC 
7844, DVC 
7990, DVC 
8031, DVC 
8084, DVC 
8230, DVC 
8237, DVC 
8737, DVC 
8750, DVC 
8860, DVC 
9085, DVC 
9147, DVC 
9162, DVC 
9273, DVC 
9369, DVC 
9549, DVC 
9714, DVC 
9960, DVC 
10060, DVC 
10108, DVC 
10529, DVC 
10585, DVC 
10692, DVC 
10743, DVC 
10905, DVC 
10946, DVC 
11470, DVC 
11537, DVC 
12024, DVC 
12038, DVC 
12181, DVC 
12254, DVC 
12518, DVC 
13018, DVC 
13042, DVC 
13085, DVC 
13604, DVC 
13606, DVC 
13637, DVC 
13786, DVC 
14123, DVC 
14396, DVC 
14595, DVC 
14750, DVC 
14795, DVC 
15305, DVC 
15714, DVC 
15938, DVC 
15970, DVC 
15998, DVC 
16100, DVC 
16179, DVC 
16250, DVC 
16423, DVC 
16475, DVC 
16542, DVC 
16631, DVC 
16787, DVC 
16872, DVC 
17170, DVC 
17215, DVC 
17465, DVC 
17571, DVC 
17780, DVC 
17984, DVC 
18018, DVC 
18158, DVC 
18413, DVC 
18562, DVC 
18638, DVC 
18669, DVC 
18879, DVC 
18966, DVC 
19184, DVC 
19527, DVC 
19641, DVC 
20061, DVC 
20243, DVC 
20247, DVC 
20286, DVC 
20375, DVC 
20607, DVC 
20883, DVC 
21357, DVC 
21379, DVC 
21391, DVC 
21548, DVC 
21780, DVC 
22072, DVC 
22197, DVC 
22463, DVC 
22478, DVC 
22879, DVC 
23057, DVC 
23305, DVC 
23492, DVC 
23553, DVC 
23693, DVC 
23728, DVC 
23810, DVC 
23919, DVC 
8,No / None
25,No / None
27,No / None
29,No / None
32,No / None
45,No / None
57,No / None
63,No / None
81,No / None
125,No / None
127,No / None
135,No / None
136,No / None
139,No / None
159,No / None
160,No / None
163,No / None
164,No / None
177,No / None
184,No / None
185,No / None
197,No / None
205,No / None
207,No / None
210,No / None
219,No / None
240,No / None
243,No / None
250,No / None
257,No / None
267,No / None
271,No / None
273,No / None
281,No / None
289,No / None
298,No / None
313,No / None
328,No / None
340,No / None
342,No / None
347,No / None
348,No / None
350,No / None
366,No / None
367,No / None
370,No / None
391,No / None
394,No / None
398,No / None
399,No / None
407,No / None
417,No / None
420,No / None
433,No / None
436,No / None
439,No / None
460,No / None
462,No / None
468,No / None
470,No / None
477,No / None
496,No / None
513,No / None
524,No / None
554,No / None
569,No / None
579,No / None
582,No / None
593,No / None
607,No / None
609,No / None
612,No / None
617,No / None
618,No / None
623,No / None
624,No / None
692,No / None
706,No / None
723,No / None
725,No / None
740,No / None
742,No / None
753,No / None
755,No / None
770,No / None
772,No / None
774,No / None
775,No / None
778,No / None
781,No / None
791,No / None
793,No / None
815,No / None
816,No / None
821,No / None
825,No / None
826,No / None
838,No / None
840,No / None
851,No / None
856,No / None
866,No / None
885,No / None
896,No / None
935,No / None
945,No / None
954,No / None
959,No / None
962,No / None
963,No / None
1003,No / None
1010,No / None
1014,No / None
1016,No / None
1026,No / None
1031,No / None
1034,No / None
1043,No / None
1059,No / None
1063,No / None
1067,No / None
1068,No / None
1072,No / None
1073,No / None
1080,No / None
1082,No / None
1093,No / None
1098,No / None
1110,No / None
1111,No / None
1127,No / None
1128,No / None
1129,No / None
1133,No / None
1136,No / None
1137,No / None
1151,No / None
1167,No / None
1173,No / None
1174,No / None
1188,No / None
1197,No / None
1200,No / None
1207,No / None
1227,No / None
1236,No / None
1250,No / None
1259,No / None
1262,No / None
1265,No / None
1267,No / None
1274,No / None
1275,No / None
1285,No / None
1293,No / None
1305,No / None
1308,No / None
1329,No / None
1332,No / None
1336,No / None
1358,No / None
1359,No / None
1362,No / None
1374,No / None
1382,No / None
1390,No / None
1392,No / None
1393,No / None
1395,No / None
1402,No / None
1412,No / None
1413,No / None
1422,No / None
1423,No / None
1427,No / None
1469,No / None
1475,No / None
1484,No / None
1504,No / None
1517,No / None
1523,No / None
1534,No / None
1537,No / None
1548,No / None
1552,No / None
1554,No / None
1557,No / None
1565,No / None
1585,No / None
1595,No / None
1602,No / None
1606,No / None
1620,No / None
1650,No / None
1677,No / None
1688,No / None
1697,No / None
1716,No / None
1721,No / None
1722,No / None
1723,No / None
1725,No / None
1731,No / None
1735,No / None
1742,No / None
1747,No / None
1771,No / None
1777,No / None
1801,No / None
1802,No / None
1806,No / None
1820,No / None
1834,No / None
1837,No / None
1838,No / None
1844,No / None
1850,No / None
1864,No / None
1881,No / None
1882,No / None
1883,No / None
1884,No / None
1885,No / None
1888,No / None
1889,No / None
1906,No / None
1911,No / None
1922,No / None
1934,No / None
1942,No / None
1958,No / None
1971,No / None
1973,No / None
1978,No / None
1982,No / None
1983,No / None
1985,No / None
1991,No / None
2019,No / None
2026,No / None
2031,No / None
2040,No / None
2054,No / None
2056,No / None
2062,No / None
2063,No / None
2072,No / None
2090,No / None
2095,No / None
2099,No / None
2138,No / None
2149,No / None
2155,No / None
2156,No / None
2157,No / None
2161,No / None
2162,No / None
2169,No / None
2170,No / None
2186,No / None
2197,No / None
2206,No / None
2250,No / None
2266,No / None
2275,No / None
2289,No / None
2294,No / None
2312,No / None
2314,No / None
2318,No / None
2320,No / None
2322,No / None
2331,No / None
2348,No / None
2351,No / None
2356,No / None
2361,No / None
2364,No / None
2372,No / None
2380,No / None
2381,No / None
2383,No / None
2417,No / None
2426,No / None
2435,No / None
2440,No / None
2441,No / None
2459,No / None
2462,No / None
2465,No / None
2482,No / None
2491,No / None
2500,No / None
2506,No / None
2507,No / None
2517,No / None
2520,No / None
2527,No / None
2535,No / None
2542,No / None
2564,No / None
2565,No / None
2569,No / None
2570,No / None
2572,No / None
2575,No / None
2579,No / None
2580,No / None
2593,No / None
2597,No / None
2605,No / None
2617,No / None
2630,No / None
2632,No / None
2647,No / None
2654,No / None
2683,No / None
2704,No / None
2706,No / None
2714,No / None
2717,No / None
2719,No / None
2721,No / None
2726,No / None
2727,No / None
2743,No / None
2745,No / None
2748,No / None
2749,No / None
2768,No / None
2780,No / None
2781,No / None
2805,No / None
2809,No / None
2820,No / None
2838,No / None
2840,No / None
2857,No / None
2869,No / None
2890,No / None
2891,No / None
2896,No / None
2903,No / None
2904,No / None
2907,No / None
2925,No / None
2939,No / None
2958,No / None
2961,No / None
2964,No / None
2969,No / None
2998,No / None
3007,No / None
3008,No / None
3012,No / None
3025,No / None
3033,No / None
3038,No / None
3051,No / None
3054,No / None
3068,No / None
3101,No / None
3118,No / None
3120,No / None
3127,No / None
3130,No / None
3134,No / None
3135,No / None
3138,No / None
3155,No / None
3157,No / None
3158,No / None
3161,No / None
3170,No / None
3185,No / None
3190,No / None
3191,No / None
3196,No / None
3205,No / None
3208,No / None
3217,No / None
3223,No / None
3224,No / None
3232,No / None
3233,No / None
3235,No / None
3246,No / None
3256,No / None
3265,No / None
3293,No / None
3294,No / None
3299,No / None
3302,No / None
3309,No / None
3312,No / None
3314,No / None
3323,No / None
3327,No / None
3340,No / None
3342,No / None
3345,No / None
3361,No / None
3365,No / None
3369,No / None
3370,No / None
3374,No / None
3379,No / None
3392,No / None
3395,No / None
3399,No / None
3409,No / None
3415,No / None
3424,No / None
3442,No / None
3457,No / None
3480,No / None
3485,No / None
3499,No / None
3513,No / None
3530,No / None
3532,No / None
3540,No / None
3545,No / None
3549,No / None
3561,No / None
3562,No / None
3592,No / None
3595,No / None
3600,No / None
3601,No / None
3603,No / None
3616,No / None
3618,No / None
3622,No / None
3629,No / None
3637,No / None
3638,No / None
3639,No / None
3644,No / None
3645,No / None
3653,No / None
3680,No / None
3683,No / None
3690,No / None
3701,No / None
3705,No / None
3716,No / None
3724,No / None
3725,No / None
3727,No / None
3738,No / None
3754,No / None
3759,No / None
3762,No / None
3767,No / None
3775,No / None
3785,No / None
3793,No / None
3798,No / None
3801,No / None
3807,No / None
3809,No / None
3810,No / None
3820,No / None
3821,No / None
3831,No / None
3834,No / None
3854,No / None
3855,No / None
3863,No / None
3887,No / None
3889,No / None
3890,No / None
3904,No / None
3941,No / None
3949,No / None
3955,No / None
3957,No / None
3964,No / None
3978,No / None
3981,No / None
3991,No / None
3999,No / None
4008,No / None
4010,No / None
4018,No / None
4020,No / None
4025,No / None
4026,No / None
4030,No / None
4036,No / None
4055,No / None
4056,No / None
4059,No / None
4063,No / None
4065,No / None
4076,No / None
4079,No / None
4096,No / None
4097,No / None
4098,No / None
4109,No / None
4116,No / None
4119,No / None
4141,No / None
4158,No / None
4170,No / None
4173,No / None
4174,No / None
4182,No / None
4193,No / None
4197,No / None
4201,No / None
4226,No / None
4229,No / None
4234,No / None
4236,No / None
4251,No / None
4259,No / None
4278,No / None
4290,No / None
4301,No / None
4314,No / None
4315,No / None
4318,No / None
4327,No / None
4335,No / None
4338,No / None
4341,No / None
4349,No / None
4350,No / None
4360,No / None
4363,No / None
4372,No / None
4381,No / None
4390,No / None
4392,No / None
4395,No / None
4396,No / None
4408,No / None
4409,No / None
4412,No / None
4419,No / None
4429,No / None
4442,No / None
4446,No / None
4455,No / None
4467,No / None
4470,No / None
4473,No / None
4474,No / None
4477,No / None
4489,No / None
4498,No / None
4506,No / None
4525,No / None
4529,No / None
4542,No / None
4546,No / None
4551,No / None
4552,No / None
4572,No / None
4577,No / None
4583,No / None
4591,No / None
4598,No / None
4600,No / None
4601,No / None
4614,No / None
4618,No / None
4622,No / None
4632,No / None
4641,No / None
4647,No / None
4657,No / None
4662,No / None
4669,No / None
4745,No / None
4746,No / None
4747,No / None
4750,No / None
4755,No / None
4758,No / None
4760,No / None
4762,No / None
4768,No / None
4774,No / None
4775,No / None
4794,No / None
4808,No / None
4811,No / None
4821,No / None
4826,No / None
4827,No / None
4829,No / None
4842,No / None
4856,No / None
4868,No / None
4872,No / None
4874,No / None
4897,No / None
4903,No / None
4904,No / None
4913,No / None
4916,No / None
4932,No / None
4934,No / None
4935,No / None
4937,No / None
4939,No / None
4941,No / None
4942,No / None
4949,No / None
4956,No / None
4961,No / None
4965,No / None
4966,No / None
4972,No / None
4978,No / None
4979,No / None
4981,No / None
4993,No / None
4996,No / None
4997,No / None
5006,No / None
5007,No / None
5024,No / None
5032,No / None
5053,No / None
5055,No / None
5068,No / None
5088,No / None
5090,No / None
5093,No / None
5108,No / None
5121,No / None
5136,No / None
5152,No / None
5161,No / None
5162,No / None
5163,No / None
5165,No / None
5186,No / None
5197,No / None
5207,No / None
5208,No / None
5215,No / None
5227,No / None
5241,No / None
5245,No / None
5248,No / None
5250,No / None
5275,No / None
5312,No / None
5327,No / None
5332,No / None
5337,No / None
5347,No / None
5349,No / None
5353,No / None
5378,No / None
5388,No / None
5408,No / None
5417,No / None
5430,No / None
5431,No / None
5440,No / None
5441,No / None
5446,No / None
5452,No / None
5454,No / None
5455,No / None
5470,No / None
5477,No / None
5484,No / None
5485,No / None
5489,No / None
5494,No / None
5501,No / None
5513,No / None
5514,No / None
5530,No / None
5532,No / None
5536,No / None
5544,No / None
5553,No / None
5555,No / None
5569,No / None
5576,No / None
5577,No / None
5583,No / None
5599,No / None
5627,No / None
5628,No / None
5650,No / None
5653,No / None
5654,No / None
5656,No / None
5658,No / None
5674,No / None
5689,No / None
5694,No / None
5697,No / None
5698,No / None
5710,No / None
5711,No / None
5715,No / None
5721,No / None
5734,No / None
5738,No / None
5741,No / None
5743,No / None
5756,No / None
5775,No / None
5786,No / None
5788,No / None
5793,No / None
5809,No / None
5814,No / None
5820,No / None
5826,No / None
5844,No / None
5845,No / None
5852,No / None
5854,No / None
5870,No / None
5871,No / None
5873,No / None
5879,No / None
5888,No / None
5892,No / None
5907,No / None
5908,No / None
5916,No / None
5926,No / None
5929,No / None
5931,No / None
5932,No / None
5939,No / None
5943,No / None
5946,No / None
5950,No / None
5967,No / None
6008,No / None
6030,No / None
6032,No / None
6035,No / None
6036,No / None
6040,No / None
6041,No / None
6045,No / None
6058,No / None
6059,No / None
6069,No / None
6080,No / None
6082,No / None
6083,No / None
6097,No / None
6101,No / None
6109,No / None
6116,No / None
6144,No / None
6152,No / None
6164,No / None
6165,No / None
6174,No / None
6175,No / None
6179,No / None
6181,No / None
6193,No / None
6196,No / None
6206,No / None
6213,No / None
6227,No / None
6230,No / None
6235,No / None
6238,No / None
6240,No / None
6258,No / None
6260,No / None
6262,No / None
6265,No / None
6266,No / None
6267,No / None
6284,No / None
6302,No / None
6317,No / None
6321,No / None
6346,No / None
6375,No / None
6376,No / None
6377,No / None
6378,No / None
6381,No / None
6383,No / None
6409,No / None
6411,No / None
6425,No / None
6426,No / None
6437,No / None
6443,No / None
6444,No / None
6446,No / None
6458,No / None
6474,No / None
6477,No / None
6504,No / None
6530,No / None
6554,No / None
6560,No / None
6568,No / None
6572,No / None
6576,No / None
6599,No / None
6609,No / None
6611,No / None
6616,No / None
6618,No / None
6627,No / None
6639,No / None
6643,No / None
6644,No / None
6645,No / None
6651,No / None
6674,No / None
6678,No / None
6680,No / None
6681,No / None
6684,No / None
6693,No / None
6695,No / None
6699,No / None
6700,No / None
6719,No / None
6733,No / None
6740,No / None
6742,No / None
6744,No / None
6746,No / None
6757,No / None
6772,No / None
6780,No / None
6795,No / None
6796,No / None
6800,No / None
6827,No / None
6829,No / None
6841,No / None
6844,No / None
6848,No / None
6858,No / None
6869,No / None
6878,No / None
6880,No / None
6881,No / None
6885,No / None
6929,No / None
6932,No / None
6977,No / None
6997,No / None
6998,No / None
7003,No / None
7025,No / None
7031,No / None
7046,No / None
7052,No / None
7057,No / None
7058,No / None
7060,No / None
7061,No / None
7065,No / None
7082,No / None
7085,No / None
7092,No / None
7104,No / None
7119,No / None
7122,No / None
7138,No / None
7140,No / None
7150,No / None
7176,No / None
7178,No / None
7185,No / None
7188,No / None
7198,No / None
7204,No / None
7207,No / None
7209,No / None
7218,No / None
7222,No / None
7227,No / None
7251,No / None
7268,No / None
7270,No / None
7272,No / None
7274,No / None
7292,No / None
7293,No / None
7296,No / None
7298,No / None
7331,No / None
7336,No / None
7342,No / None
7347,No / None
7381,No / None
7383,No / None
7388,No / None
7405,No / None
7417,No / None
7420,No / None
7426,No / None
7438,No / None
7447,No / None
7448,No / None
7454,No / None
7465,No / None
7472,No / None
7473,No / None
7476,No / None
7477,No / None
7483,No / None
7488,No / None
7491,No / None
7500,No / None
7503,No / None
7506,No / None
7521,No / None
7533,No / None
7547,No / None
7551,No / None
7558,No / None
7560,No / None
7566,No / None
7568,No / None
7574,No / None
7578,No / None
7586,No / None
7589,No / None
7598,No / None
7602,No / None
7604,No / None
7630,No / None
7642,No / None
7654,No / None
7657,No / None
7658,No / None
7666,No / None
7669,No / None
7673,No / None
7677,No / None
7700,No / None
7705,No / None
7709,No / None
7735,No / None
7749,No / None
7754,No / None
7770,No / None
7774,No / None
7784,No / None
7786,No / None
7803,No / None
7808,No / None
7838,No / None
7852,No / None
7853,No / None
7861,No / None
7889,No / None
7902,No / None
7906,No / None
7907,No / None
7911,No / None
7914,No / None
7918,No / None
7925,No / None
7934,No / None
7939,No / None
7940,No / None
7948,No / None
7952,No / None
7956,No / None
7957,No / None
7960,No / None
7962,No / None
7963,No / None
7979,No / None
7986,No / None
7994,No / None
8008,No / None
8026,No / None
8035,No / None
8041,No / None
8058,No / None
8067,No / None
8090,No / None
8092,No / None
8102,No / None
8105,No / None
8129,No / None
8135,No / None
8136,No / None
8141,No / None
8149,No / None
8163,No / None
8165,No / None
8166,No / None
8171,No / None
8184,No / None
8187,No / None
8189,No / None
8193,No / None
8202,No / None
8233,No / None
8238,No / None
8245,No / None
8258,No / None
8272,No / None
8275,No / None
8281,No / None
8293,No / None
8297,No / None
8300,No / None
8315,No / None
8317,No / None
8319,No / None
8320,No / None
8326,No / None
8334,No / None
8335,No / None
8345,No / None
8351,No / None
8361,No / None
8366,No / None
8377,No / None
8388,No / None
8397,No / None
8410,No / None
8418,No / None
8428,No / None
8433,No / None
8437,No / None
8443,No / None
8448,No / None
8467,No / None
8468,No / None
8478,No / None
8479,No / None
8498,No / None
8499,No / None
8505,No / None
8513,No / None
8528,No / None
8532,No / None
8535,No / None
8547,No / None
8559,No / None
8563,No / None
8596,No / None
8599,No / None
8604,No / None
8612,No / None
8614,No / None
8618,No / None
8620,No / None
8625,No / None
8626,No / None
8650,No / None
8655,No / None
8657,No / None
8664,No / None
8672,No / None
8676,No / None
8680,No / None
8699,No / None
8705,No / None
8725,No / None
8734,No / None
8739,No / None
8749,No / None
8758,No / None
8759,No / None
8760,No / None
8768,No / None
8806,No / None
8817,No / None
8827,No / None
8841,No / None
8859,No / None
8875,No / None
8890,No / None
8893,No / None
8901,No / None
8934,No / None
8936,No / None
8940,No / None
8946,No / None
8962,No / None
8976,No / None
8982,No / None
8989,No / None
8997,No / None
9015,No / None
9018,No / None
9028,No / None
9030,No / None
9034,No / None
9036,No / None
9038,No / None
9046,No / None
9057,No / None
9059,No / None
9072,No / None
9076,No / None
9078,No / None
9086,No / None
9097,No / None
9115,No / None
9116,No / None
9130,No / None
9134,No / None
9159,No / None
9161,No / None
9168,No / None
9180,No / None
9181,No / None
9194,No / None
9195,No / None
9214,No / None
9218,No / None
9223,No / None
9231,No / None
9237,No / None
9242,No / None
9247,No / None
9253,No / None
9264,No / None
9265,No / None
9287,No / None
9320,No / None
9325,No / None
9328,No / None
9343,No / None
9346,No / None
9373,No / None
9387,No / None
9391,No / None
9396,No / None
9400,No / None
9401,No / None
9410,No / None
9415,No / None
9425,No / None
9427,No / None
9437,No / None
9444,No / None
9453,No / None
9465,No / None
9472,No / None
9484,No / None
9485,No / None
9486,No / None
9493,No / None
9504,No / None
9515,No / None
9518,No / None
9524,No / None
9541,No / None
9550,No / None
9552,No / None
9560,No / None
9572,No / None
9580,No / None
9582,No / None
9596,No / None
9601,No / None
9606,No / None
9615,No / None
9624,No / None
9625,No / None
9626,No / None
9630,No / None
9634,No / None
9642,No / None
9669,No / None
9677,No / None
9681,No / None
9682,No / None
9686,No / None
9687,No / None
9700,No / None
9703,No / None
9705,No / None
9713,No / None
9725,No / None
9734,No / None
9748,No / None
9759,No / None
9762,No / None
9764,No / None
9765,No / None
9778,No / None
9789,No / None
9794,No / None
9816,No / None
9827,No / None
9828,No / None
9832,No / None
9833,No / None
9843,No / None
9844,No / None
9853,No / None
9858,No / None
9859,No / None
9863,No / None
9868,No / None
9893,No / None
9900,No / None
9926,No / None
9931,No / None
9937,No / None
9939,No / None
9942,No / None
9952,No / None
9959,No / None
9965,No / None
9966,No / None
9977,No / None
9980,No / None
9985,No / None
9993,No / None
9996,No / None
10012,No / None
10016,No / None
10021,No / None
10024,No / None
10043,No / None
10062,No / None
10070,No / None
10077,No / None
10081,No / None
10091,No / None
10098,No / None
10105,No / None
10130,No / None
10132,No / None
10150,No / None
10152,No / None
10153,No / None
10155,No / None
10164,No / None
10166,No / None
10171,No / None
10182,No / None
10190,No / None
10191,No / None
10195,No / None
10198,No / None
10199,No / None
10216,No / None
10228,No / None
10234,No / None
10251,No / None
10260,No / None
10269,No / None
10285,No / None
10297,No / None
10310,No / None
10322,No / None
10323,No / None
10324,No / None
10327,No / None
10330,No / None
10332,No / None
10339,No / None
10366,No / None
10384,No / None
10385,No / None
10388,No / None
10394,No / None
10401,No / None
10407,No / None
10410,No / None
10434,No / None
10436,No / None
10439,No / None
10458,No / None
10473,No / None
10499,No / None
10556,No / None
10569,No / None
10573,No / None
10588,No / None
10591,No / None
10593,No / None
10602,No / None
10612,No / None
10641,No / None
10648,No / None
10650,No / None
10667,No / None
10672,No / None
10673,No / None
10679,No / None
10685,No / None
10707,No / None
10713,No / None
10715,No / None
10718,No / None
10725,No / None
10727,No / None
10729,No / None
10733,No / None
10736,No / None
10753,No / None
10767,No / None
10771,No / None
10780,No / None
10787,No / None
10788,No / None
10813,No / None
10817,No / None
10826,No / None
10844,No / None
10845,No / None
10857,No / None
10869,No / None
10871,No / None
10881,No / None
10892,No / None
10893,No / None
10894,No / None
10897,No / None
10898,No / None
10900,No / None
10903,No / None
10919,No / None
10923,No / None
10933,No / None
10942,No / None
10958,No / None
10973,No / None
10978,No / None
10979,No / None
10980,No / None
10986,No / None
10991,No / None
10993,No / None
10999,No / None
11016,No / None
11020,No / None
11036,No / None
11047,No / None
11049,No / None
11052,No / None
11063,No / None
11072,No / None
11073,No / None
11074,No / None
11077,No / None
11079,No / None
11082,No / None
11083,No / None
11084,No / None
11089,No / None
11090,No / None
11106,No / None
11107,No / None
11110,No / None
11113,No / None
11114,No / None
11117,No / None
11120,No / None
11121,No / None
11143,No / None
11148,No / None
11151,No / None
11164,No / None
11168,No / None
11172,No / None
11177,No / None
11184,No / None
11195,No / None
11200,No / None
11222,No / None
11224,No / None
11231,No / None
11245,No / None
11246,No / None
11249,No / None
11253,No / None
11254,No / None
11277,No / None
11280,No / None
11296,No / None
11310,No / None
11320,No / None
11332,No / None
11344,No / None
11347,No / None
11349,No / None
11386,No / None
11390,No / None
11396,No / None
11413,No / None
11418,No / None
11423,No / None
11424,No / None
11442,No / None
11444,No / None
11448,No / None
11454,No / None
11456,No / None
11472,No / None
11503,No / None
11518,No / None
11523,No / None
11533,No / None
11547,No / None
11561,No / None
11563,No / None
11567,No / None
11570,No / None
11585,No / None
11591,No / None
11595,No / None
11601,No / None
11608,No / None
11628,No / None
11634,No / None
11672,No / None
11677,No / None
11689,No / None
11699,No / None
11705,No / None
11709,No / None
11714,No / None
11715,No / None
11717,No / None
11718,No / None
11739,No / None
11741,No / None
11750,No / None
11751,No / None
11752,No / None
11756,No / None
11758,No / None
11764,No / None
11789,No / None
11794,No / None
11796,No / None
11808,No / None
11825,No / None
11829,No / None
11832,No / None
11850,No / None
11873,No / None
11884,No / None
11887,No / None
11904,No / None
11908,No / None
11909,No / None
11910,No / None
11924,No / None
11928,No / None
11933,No / None
11942,No / None
11950,No / None
11951,No / None
11952,No / None
11962,No / None
11978,No / None
11982,No / None
11993,No / None
11996,No / None
12015,No / None
12020,No / None
12055,No / None
12065,No / None
12087,No / None
12111,No / None
12146,No / None
12173,No / None
12176,No / None
12190,No / None
12192,No / None
12202,No / None
12204,No / None
12209,No / None
12216,No / None
12225,No / None
12231,No / None
12236,No / None
12238,No / None
12250,No / None
12253,No / None
12263,No / None
12267,No / None
12277,No / None
12291,No / None
12294,No / None
12311,No / None
12319,No / None
12323,No / None
12329,No / None
12331,No / None
12334,No / None
12335,No / None
12336,No / None
12357,No / None
12366,No / None
12383,No / None
12397,No / None
12398,No / None
12402,No / None
12410,No / None
12414,No / None
12421,No / None
12426,No / None
12434,No / None
12441,No / None
12450,No / None
12451,No / None
12453,No / None
12457,No / None
12464,No / None
12470,No / None
12479,No / None
12483,No / None
12510,No / None
12552,No / None
12558,No / None
12586,No / None
12590,No / None
12603,No / None
12637,No / None
12639,No / None
12641,No / None
12650,No / None
12676,No / None
12690,No / None
12698,No / None
12714,No / None
12717,No / None
12722,No / None
12723,No / None
12748,No / None
12756,No / None
12779,No / None
12801,No / None
12815,No / None
12818,No / None
12819,No / None
12823,No / None
12830,No / None
12833,No / None
12838,No / None
12840,No / None
12852,No / None
12856,No / None
12860,No / None
12865,No / None
12872,No / None
12888,No / None
12889,No / None
12906,No / None
12919,No / None
12945,No / None
12947,No / None
12952,No / None
12956,No / None
12962,No / None
12971,No / None
12985,No / None
12987,No / None
12989,No / None
12996,No / None
12999,No / None
13005,No / None
13013,No / None
13016,No / None
13019,No / None
13022,No / None
13026,No / None
13028,No / None
13037,No / None
13038,No / None
13040,No / None
13061,No / None
13065,No / None
13076,No / None
13078,No / None
13106,No / None
13111,No / None
13120,No / None
13133,No / None
13143,No / None
13146,No / None
13164,No / None
13165,No / None
13174,No / None
13176,No / None
13181,No / None
13187,No / None
13192,No / None
13205,No / None
13208,No / None
13219,No / None
13226,No / None
13238,No / None
13242,No / None
13264,No / None
13273,No / None
13274,No / None
13278,No / None
13293,No / None
13294,No / None
13317,No / None
13321,No / None
13327,No / None
13329,No / None
13333,No / None
13338,No / None
13346,No / None
13348,No / None
13349,No / None
13361,No / None
13369,No / None
13387,No / None
13394,No / None
13400,No / None
13402,No / None
13414,No / None
13416,No / None
13427,No / None
13433,No / None
13436,No / None
13437,No / None
13444,No / None
13446,No / None
13452,No / None
13472,No / None
13481,No / None
13484,No / None
13487,No / None
13492,No / None
13497,No / None
13510,No / None
13524,No / None
13525,No / None
13528,No / None
13529,No / None
13530,No / None
13542,No / None
13547,No / None
13548,No / None
13549,No / None
13577,No / None
13603,No / None
13608,No / None
13610,No / None
13611,No / None
13626,No / None
13627,No / None
13629,No / None
13641,No / None
13643,No / None
13650,No / None
13660,No / None
13674,No / None
13677,No / None
13692,No / None
13694,No / None
13697,No / None
13698,No / None
13701,No / None
13707,No / None
13715,No / None
13731,No / None
13745,No / None
13753,No / None
13754,No / None
13779,No / None
13788,No / None
13800,No / None
13804,No / None
13806,No / None
13807,No / None
13811,No / None
13821,No / None
13825,No / None
13838,No / None
13845,No / None
13847,No / None
13853,No / None
13856,No / None
13860,No / None
13861,No / None
13864,No / None
13865,No / None
13871,No / None
13880,No / None
13890,No / None
13901,No / None
13918,No / None
13921,No / None
13927,No / None
13935,No / None
13942,No / None
13950,No / None
13964,No / None
13971,No / None
13979,No / None
13982,No / None
13986,No / None
13987,No / None
13997,No / None
14003,No / None
14008,No / None
14017,No / None
14029,No / None
14036,No / None
14049,No / None
14052,No / None
14063,No / None
14064,No / None
14082,No / None
14083,No / None
14086,No / None
14092,No / None
14097,No / None
14104,No / None
14122,No / None
14125,No / None
14126,No / None
14135,No / None
14140,No / None
14154,No / None
14158,No / None
14165,No / None
14170,No / None
14182,No / None
14210,No / None
14224,No / None
14233,No / None
14250,No / None
14251,No / None
14259,No / None
14265,No / None
14280,No / None
14286,No / None
14290,No / None
14292,No / None
14295,No / None
14300,No / None
14314,No / None
14326,No / None
14329,No / None
14332,No / None
14335,No / None
14340,No / None
14342,No / None
14344,No / None
14350,No / None
14352,No / None
14369,No / None
14372,No / None
14397,No / None
14400,No / None
14411,No / None
14422,No / None
14423,No / None
14424,No / None
14425,No / None
14432,No / None
14437,No / None
14458,No / None
14470,No / None
14476,No / None
14477,No / None
14478,No / None
14491,No / None
14499,No / None
14500,No / None
14513,No / None
14514,No / None
14520,No / None
14521,No / None
14523,No / None
14525,No / None
14548,No / None
14550,No / None
14559,No / None
14561,No / None
14562,No / None
14575,No / None
14576,No / None
14591,No / None
14593,No / None
14603,No / None
14613,No / None
14615,No / None
14630,No / None
14649,No / None
14664,No / None
14665,No / None
14666,No / None
14681,No / None
14706,No / None
14714,No / None
14718,No / None
14722,No / None
14752,No / None
14757,No / None
14758,No / None
14766,No / None
14768,No / None
14787,No / None
14789,No / None
14797,No / None
14808,No / None
14809,No / None
14818,No / None
14829,No / None
14834,No / None
14841,No / None
14843,No / None
14862,No / None
14871,No / None
14872,No / None
14875,No / None
14900,No / None
14904,No / None
14906,No / None
14911,No / None
14914,No / None
14916,No / None
14924,No / None
14932,No / None
14936,No / None
14949,No / None
14955,No / None
14975,No / None
14982,No / None
14984,No / None
14992,No / None
15030,No / None
15036,No / None
15038,No / None
15042,No / None
15045,No / None
15048,No / None
15056,No / None
15061,No / None
15074,No / None
15080,No / None
15086,No / None
15109,No / None
15118,No / None
15131,No / None
15145,No / None
15148,No / None
15150,No / None
15152,No / None
15154,No / None
15162,No / None
15163,No / None
15185,No / None
15203,No / None
15205,No / None
15215,No / None
15230,No / None
15231,No / None
15247,No / None
15253,No / None
15265,No / None
15274,No / None
15282,No / None
15287,No / None
15289,No / None
15290,No / None
15292,No / None
15320,No / None
15324,No / None
15346,No / None
15348,No / None
15369,No / None
15379,No / None
15399,No / None
15411,No / None
15421,No / None
15422,No / None
15432,No / None
15436,No / None
15440,No / None
15449,No / None
15459,No / None
15461,No / None
15478,No / None
15481,No / None
15493,No / None
15498,No / None
15505,No / None
15506,No / None
15512,No / None
15520,No / None
15542,No / None
15551,No / None
15572,No / None
15583,No / None
15584,No / None
15605,No / None
15633,No / None
15635,No / None
15643,No / None
15651,No / None
15669,No / None
15672,No / None
15673,No / None
15679,No / None
15680,No / None
15684,No / None
15686,No / None
15691,No / None
15719,No / None
15728,No / None
15729,No / None
15750,No / None
15751,No / None
15762,No / None
15763,No / None
15765,No / None
15772,No / None
15783,No / None
15790,No / None
15795,No / None
15822,No / None
15824,No / None
15832,No / None
15835,No / None
15836,No / None
15839,No / None
15842,No / None
15850,No / None
15851,No / None
15852,No / None
15859,No / None
15868,No / None
15878,No / None
15880,No / None
15884,No / None
15893,No / None
15904,No / None
15910,No / None
15911,No / None
15919,No / None
15922,No / None
15926,No / None
15927,No / None
15947,No / None
15959,No / None
15968,No / None
15975,No / None
15980,No / None
15989,No / None
15992,No / None
15993,No / None
15997,No / None
16005,No / None
16012,No / None
16017,No / None
16038,No / None
16039,No / None
16051,No / None
16056,No / None
16066,No / None
16073,No / None
16074,No / None
16085,No / None
16088,No / None
16090,No / None
16092,No / None
16093,No / None
16094,No / None
16112,No / None
16117,No / None
16122,No / None
16124,No / None
16131,No / None
16139,No / None
16141,No / None
16157,No / None
16160,No / None
16162,No / None
16174,No / None
16175,No / None
16194,No / None
16198,No / None
16200,No / None
16221,No / None
16223,No / None
16229,No / None
16230,No / None
16259,No / None
16260,No / None
16282,No / None
16289,No / None
16304,No / None
16309,No / None
16311,No / None
16313,No / None
16353,No / None
16363,No / None
16370,No / None
16374,No / None
16384,No / None
16389,No / None
16403,No / None
16405,No / None
16417,No / None
16424,No / None
16446,No / None
16452,No / None
16455,No / None
16495,No / None
16517,No / None
16523,No / None
16528,No / None
16537,No / None
16545,No / None
16547,No / None
16548,No / None
16554,No / None
16556,No / None
16557,No / None
16581,No / None
16613,No / None
16622,No / None
16628,No / None
16640,No / None
16657,No / None
16661,No / None
16665,No / None
16678,No / None
16687,No / None
16705,No / None
16725,No / None
16728,No / None
16741,No / None
16742,No / None
16746,No / None
16757,No / None
16762,No / None
16768,No / None
16789,No / None
16792,No / None
16798,No / None
16804,No / None
16806,No / None
16816,No / None
16846,No / None
16858,No / None
16865,No / None
16867,No / None
16879,No / None
16896,No / None
16920,No / None
16926,No / None
16938,No / None
16948,No / None
16951,No / None
16956,No / None
16960,No / None
16966,No / None
16972,No / None
16974,No / None
16989,No / None
17000,No / None
17028,No / None
17030,No / None
17055,No / None
17061,No / None
17076,No / None
17090,No / None
17106,No / None
17110,No / None
17122,No / None
17136,No / None
17153,No / None
17159,No / None
17166,No / None
17167,No / None
17173,No / None
17174,No / None
17187,No / None
17196,No / None
17197,No / None
17225,No / None
17234,No / None
17244,No / None
17247,No / None
17255,No / None
17262,No / None
17267,No / None
17274,No / None
17275,No / None
17278,No / None
17282,No / None
17284,No / None
17295,No / None
17298,No / None
17302,No / None
17303,No / None
17329,No / None
17332,No / None
17338,No / None
17339,No / None
17340,No / None
17345,No / None
17375,No / None
17376,No / None
17380,No / None
17386,No / None
17388,No / None
17391,No / None
17403,No / None
17414,No / None
17445,No / None
17449,No / None
17454,No / None
17463,No / None
17467,No / None
17478,No / None
17481,No / None
17488,No / None
17495,No / None
17508,No / None
17517,No / None
17527,No / None
17541,No / None
17550,No / None
17566,No / None
17579,No / None
17583,No / None
17589,No / None
17592,No / None
17599,No / None
17611,No / None
17616,No / None
17640,No / None
17641,No / None
17644,No / None
17658,No / None
17661,No / None
17662,No / None
17667,No / None
17691,No / None
17697,No / None
17704,No / None
17708,No / None
17716,No / None
17718,No / None
17722,No / None
17723,No / None
17726,No / None
17727,No / None
17733,No / None
17741,No / None
17752,No / None
17761,No / None
17767,No / None
17769,No / None
17772,No / None
17783,No / None
17785,No / None
17789,No / None
17792,No / None
17809,No / None
17814,No / None
17817,No / None
17821,No / None
17822,No / None
17825,No / None
17829,No / None
17843,No / None
17845,No / None
17888,No / None
17894,No / None
17908,No / None
17909,No / None
17910,No / None
17916,No / None
17922,No / None
17938,No / None
17939,No / None
17974,No / None
17977,No / None
17990,No / None
18007,No / None
18009,No / None
18029,No / None
18041,No / None
18048,No / None
18065,No / None
18075,No / None
18083,No / None
18092,No / None
18095,No / None
18097,No / None
18101,No / None
18106,No / None
18112,No / None
18114,No / None
18116,No / None
18133,No / None
18134,No / None
18141,No / None
18142,No / None
18143,No / None
18149,No / None
18180,No / None
18181,No / None
18183,No / None
18194,No / None
18212,No / None
18220,No / None
18226,No / None
18242,No / None
18264,No / None
18284,No / None
18289,No / None
18291,No / None
18307,No / None
18321,No / None
18322,No / None
18325,No / None
18335,No / None
18337,No / None
18350,No / None
18359,No / None
18375,No / None
18385,No / None
18387,No / None
18389,No / None
18394,No / None
18418,No / None
18427,No / None
18431,No / None
18442,No / None
18448,No / None
18451,No / None
18454,No / None
18462,No / None
18466,No / None
18492,No / None
18499,No / None
18502,No / None
18509,No / None
18511,No / None
18532,No / None
18536,No / None
18539,No / None
18547,No / None
18558,No / None
18559,No / None
18569,No / None
18576,No / None
18580,No / None
18583,No / None
18584,No / None
18593,No / None
18596,No / None
18608,No / None
18630,No / None
18634,No / None
18643,No / None
18657,No / None
18658,No / None
18659,No / None
18660,No / None
18665,No / None
18683,No / None
18694,No / None
18700,No / None
18713,No / None
18714,No / None
18724,No / None
18731,No / None
18733,No / None
18743,No / None
18744,No / None
18746,No / None
18749,No / None
18755,No / None
18757,No / None
18764,No / None
18773,No / None
18777,No / None
18783,No / None
18784,No / None
18789,No / None
18816,No / None
18817,No / None
18828,No / None
18833,No / None
18854,No / None
18857,No / None
18872,No / None
18877,No / None
18878,No / None
18886,No / None
18887,No / None
18908,No / None
18909,No / None
18911,No / None
18917,No / None
18920,No / None
18926,No / None
18936,No / None
18938,No / None
18945,No / None
18949,No / None
18950,No / None
18954,No / None
18978,No / None
18987,No / None
19004,No / None
19019,No / None
19026,No / None
19031,No / None
19038,No / None
19041,No / None
19048,No / None
19049,No / None
19062,No / None
19070,No / None
19074,No / None
19090,No / None
19095,No / None
19097,No / None
19101,No / None
19104,No / None
19108,No / None
19112,No / None
19124,No / None
19125,No / None
19136,No / None
19165,No / None
19167,No / None
19177,No / None
19185,No / None
19195,No / None
19204,No / None
19206,No / None
19214,No / None
19217,No / None
19220,No / None
19223,No / None
19239,No / None
19247,No / None
19272,No / None
19283,No / None
19284,No / None
19286,No / None
19296,No / None
19299,No / None
19330,No / None
19336,No / None
19352,No / None
19355,No / None
19375,No / None
19377,No / None
19378,No / None
19384,No / None
19387,No / None
19409,No / None
19410,No / None
19418,No / None
19422,No / None
19424,No / None
19430,No / None
19431,No / None
19436,No / None
19439,No / None
19449,No / None
19470,No / None
19472,No / None
19480,No / None
19483,No / None
19490,No / None
19500,No / None
19501,No / None
19506,No / None
19512,No / None
19515,No / None
19519,No / None
19537,No / None
19540,No / None
19542,No / None
19551,No / None
19558,No / None
19560,No / None
19572,No / None
19588,No / None
19592,No / None
19593,No / None
19598,No / None
19600,No / None
19621,No / None
19635,No / None
19643,No / None
19646,No / None
19654,No / None
19659,No / None
19664,No / None
19674,No / None
19676,No / None
19680,No / None
19695,No / None
19708,No / None
19741,No / None
19745,No / None
19747,No / None
19760,No / None
19765,No / None
19781,No / None
19784,No / None
19788,No / None
19797,No / None
19824,No / None
19839,No / None
19848,No / None
19862,No / None
19868,No / None
19874,No / None
19882,No / None
19884,No / None
19896,No / None
19901,No / None
19903,No / None
19909,No / None
19931,No / None
19939,No / None
19944,No / None
19946,No / None
19961,No / None
19967,No / None
19970,No / None
19975,No / None
19983,No / None
19984,No / None
19991,No / None
19999,No / None
20013,No / None
20019,No / None
20020,No / None
20023,No / None
20033,No / None
20036,No / None
20040,No / None
20042,No / None
20073,No / None
20075,No / None
20081,No / None
20089,No / None
20099,No / None
20106,No / None
20107,No / None
20118,No / None
20145,No / None
20148,No / None
20153,No / None
20168,No / None
20188,No / None
20194,No / None
20197,No / None
20198,No / None
20206,No / None
20224,No / None
20254,No / None
20258,No / None
20261,No / None
20269,No / None
20287,No / None
20310,No / None
20318,No / None
20338,No / None
20349,No / None
20356,No / None
20367,No / None
20381,No / None
20391,No / None
20394,No / None
20395,No / None
20427,No / None
20432,No / None
20447,No / None
20452,No / None
20456,No / None
20495,No / None
20498,No / None
20506,No / None
20512,No / None
20522,No / None
20528,No / None
20529,No / None
20545,No / None
20564,No / None
20569,No / None
20570,No / None
20577,No / None
20579,No / None
20583,No / None
20588,No / None
20589,No / None
20591,No / None
20594,No / None
20597,No / None
20609,No / None
20613,No / None
20620,No / None
20621,No / None
20632,No / None
20637,No / None
20639,No / None
20644,No / None
20656,No / None
20658,No / None
20668,No / None
20692,No / None
20693,No / None
20702,No / None
20704,No / None
20705,No / None
20709,No / None
20722,No / None
20741,No / None
20743,No / None
20747,No / None
20752,No / None
20755,No / None
20764,No / None
20766,No / None
20767,No / None
20768,No / None
20781,No / None
20790,No / None
20797,No / None
20800,No / None
20827,No / None
20871,No / None
20886,No / None
20887,No / None
20896,No / None
20907,No / None
20912,No / None
20915,No / None
20934,No / None
20948,No / None
20951,No / None
20952,No / None
20966,No / None
20974,No / None
20978,No / None
20995,No / None
21007,No / None
21018,No / None
21031,No / None
21034,No / None
21036,No / None
21040,No / None
21043,No / None
21047,No / None
21058,No / None
21065,No / None
21083,No / None
21093,No / None
21095,No / None
21106,No / None
21111,No / None
21123,No / None
21124,No / None
21127,No / None
21134,No / None
21144,No / None
21154,No / None
21185,No / None
21186,No / None
21187,No / None
21192,No / None
21212,No / None
21229,No / None
21248,No / None
21249,No / None
21253,No / None
21268,No / None
21283,No / None
21284,No / None
21287,No / None
21314,No / None
21320,No / None
21324,No / None
21326,No / None
21327,No / None
21339,No / None
21340,No / None
21346,No / None
21350,No / None
21351,No / None
21356,No / None
21375,No / None
21389,No / None
21390,No / None
21392,No / None
21394,No / None
21395,No / None
21398,No / None
21404,No / None
21417,No / None
21433,No / None
21434,No / None
21446,No / None
21454,No / None
21463,No / None
21468,No / None
21469,No / None
21470,No / None
21471,No / None
21484,No / None
21485,No / None
21497,No / None
21508,No / None
21510,No / None
21513,No / None
21514,No / None
21535,No / None
21539,No / None
21540,No / None
21547,No / None
21550,No / None
21558,No / None
21561,No / None
21566,No / None
21570,No / None
21589,No / None
21594,No / None
21602,No / None
21609,No / None
21612,No / None
21616,No / None
21621,No / None
21631,No / None
21636,No / None
21638,No / None
21644,No / None
21649,No / None
21658,No / None
21663,No / None
21671,No / None
21681,No / None
21703,No / None
21716,No / None
21717,No / None
21718,No / None
21725,No / None
21752,No / None
21765,No / None
21773,No / None
21775,No / None
21777,No / None
21782,No / None
21789,No / None
21794,No / None
21803,No / None
21807,No / None
21826,No / None
21835,No / None
21844,No / None
21855,No / None
21856,No / None
21862,No / None
21870,No / None
21872,No / None
21876,No / None
21880,No / None
21887,No / None
21901,No / None
21904,No / None
21913,No / None
21915,No / None
21927,No / None
21928,No / None
21931,No / None
21934,No / None
21942,No / None
21950,No / None
21958,No / None
21963,No / None
21966,No / None
21974,No / None
21988,No / None
21990,No / None
21993,No / None
22002,No / None
22010,No / None
22027,No / None
22028,No / None
22037,No / None
22039,No / None
22053,No / None
22075,No / None
22078,No / None
22079,No / None
22080,No / None
22083,No / None
22094,No / None
22105,No / None
22109,No / None
22113,No / None
22124,No / None
22129,No / None
22133,No / None
22158,No / None
22180,No / None
22186,No / None
22194,No / None
22195,No / None
22199,No / None
22200,No / None
22201,No / None
22216,No / None
22218,No / None
22221,No / None
22256,No / None
22271,No / None
22272,No / None
22274,No / None
22281,No / None
22291,No / None
22293,No / None
22297,No / None
22303,No / None
22355,No / None
22359,No / None
22373,No / None
22377,No / None
22382,No / None
22392,No / None
22403,No / None
22410,No / None
22418,No / None
22432,No / None
22433,No / None
22437,No / None
22450,No / None
22451,No / None
22460,No / None
22464,No / None
22465,No / None
22485,No / None
22488,No / None
22496,No / None
22517,No / None
22518,No / None
22523,No / None
22531,No / None
22535,No / None
22547,No / None
22552,No / None
22557,No / None
22558,No / None
22564,No / None
22567,No / None
22570,No / None
22577,No / None
22584,No / None
22591,No / None
22594,No / None
22614,No / None
22627,No / None
22633,No / None
22644,No / None
22662,No / None
22669,No / None
22704,No / None
22720,No / None
22745,No / None
22752,No / None
22757,No / None
22763,No / None
22768,No / None
22788,No / None
22800,No / None
22803,No / None
22816,No / None
22836,No / None
22845,No / None
22846,No / None
22851,No / None
22855,No / None
22862,No / None
22878,No / None
22880,No / None
22882,No / None
22889,No / None
22892,No / None
22893,No / None
22900,No / None
22904,No / None
22914,No / None
22918,No / None
22922,No / None
22927,No / None
22930,No / None
22950,No / None
22957,No / None
22974,No / None
22977,No / None
22987,No / None
23004,No / None
23019,No / None
23027,No / None
23029,No / None
23032,No / None
23039,No / None
23045,No / None
23050,No / None
23051,No / None
23059,No / None
23072,No / None
23073,No / None
23076,No / None
23102,No / None
23107,No / None
23112,No / None
23118,No / None
23127,No / None
23134,No / None
23135,No / None
23137,No / None
23151,No / None
23154,No / None
23158,No / None
23159,No / None
23179,No / None
23182,No / None
23193,No / None
23196,No / None
23202,No / None
23213,No / None
23214,No / None
23218,No / None
23219,No / None
23223,No / None
23240,No / None
23241,No / None
23242,No / None
23265,No / None
23266,No / None
23268,No / None
23282,No / None
23288,No / None
23291,No / None
23299,No / None
23301,No / None
23312,No / None
23318,No / None
23327,No / None
23354,No / None
23362,No / None
23379,No / None
23385,No / None
23390,No / None
23391,No / None
23396,No / None
23404,No / None
23406,No / None
23424,No / None
23425,No / None
23434,No / None
23442,No / None
23444,No / None
23447,No / None
23474,No / None
23479,No / None
23480,No / None
23505,No / None
23520,No / None
23534,No / None
23554,No / None
23556,No / None
23567,No / None
23576,No / None
23578,No / None
23584,No / None
23592,No / None
23594,No / None
23596,No / None
23599,No / None
23603,No / None
23632,No / None
23637,No / None
23640,No / None
23653,No / None
23662,No / None
23668,No / None
23688,No / None
23700,No / None
23707,No / None
23711,No / None
23721,No / None
23730,No / None
23755,No / None
23763,No / None
23768,No / None
23777,No / None
23780,No / None
23804,No / None
23816,No / None
23823,No / None
23826,No / None
23831,No / None
23833,No / None
23834,No / None
23845,No / None
23860,No / None
23876,No / None
23924,No / None
23931,No / None
23935,No / None
23983,No / None
23994,No / None
41,Other
75,Other
389,Other
558,Other
616,Other
621,Other
632,Other
1141,Other
1689,Other
1862,Other
2164,Other
2661,Other
2698,Other
2788,Other
2912,Other
3128,Other
3563,Other
4439,Other
4648,Other
4713,Other
4885,Other
5100,Other
5707,Other
5797,Other
5992,Other
6955,Other
7042,Other
7184,Other
7804,Other
7813,Other
7882,Other
8037,Other
8055,Other
8312,Other
8430,Other
9099,Other
9385,Other
9426,Other
9451,Other
9667,Other
9698,Other
9743,Other
9785,Other
10007,Other
10488,Other
11027,Other
11152,Other
11259,Other
11279,Other
11453,Other
11616,Other
11733,Other
11775,Other
12127,Other
12447,Other
12448,Other
12782,Other
12964,Other
13077,Other
13665,Other
14073,Other
14139,Other
14151,Other
14203,Other
14249,Other
14270,Other
14315,Other
14452,Other
14879,Other
14965,Other
15144,Other
15197,Other
15396,Other
15431,Other
15591,Other
15614,Other
15829,Other
15955,Other
16153,Other
16278,Other
16469,Other
16576,Other
16912,Other
17381,Other
17578,Other
17849,Other
17984,Other
18030,Other
18235,Other
18285,Other
18467,Other
19027,Other
19087,Other
19288,Other
19498,Other
19504,Other
19538,Other
19641,Other
19688,Other
20102,Other
20246,Other
20867,Other
21170,Other
21244,Other
21381,Other
21430,Other
21509,Other
21512,Other
21590,Other
21753,Other
21900,Other
22035,Other
22139,Other
22143,Other
22515,Other
22540,Other
22643,Other
22711,Other
23323,Other
23429,Other
23437,Other
23511,Other
23817,Other
23919,Other
